CREATE TABLE shtrafy.cars
(
    id int(11) PRIMARY KEY NOT NULL AUTO_INCREMENT,
    num text NOT NULL,
    region int(11) NOT NULL,
    sts text NOT NULL
);
CREATE UNIQUE INDEX cars_id_uindex ON shtrafy.cars (id);
INSERT INTO shtrafy.cars (id, num, region, sts) VALUES (1, 'А175СС', 750, '9906638127');
INSERT INTO shtrafy.cars (id, num, region, sts) VALUES (2, 'Х678КО', 197, '7760478408');
INSERT INTO shtrafy.cars (id, num, region, sts) VALUES (3, 'Р243ОХ', 77, '7761040908');
INSERT INTO shtrafy.cars (id, num, region, sts) VALUES (4, 'Е686РТ', 190, '7761148925');
INSERT INTO shtrafy.cars (id, num, region, sts) VALUES (5, 'Х103ЕС', 799, '7761040013');
INSERT INTO shtrafy.cars (id, num, region, sts) VALUES (6, 'С153НА', 750, '7760928975');
INSERT INTO shtrafy.cars (id, num, region, sts) VALUES (7, 'О949МК', 40, '7754518416');
INSERT INTO shtrafy.cars (id, num, region, sts) VALUES (8, 'А194СО', 190, '7761148196');
INSERT INTO shtrafy.cars (id, num, region, sts) VALUES (9, 'Х075ТН', 197, '7760929698');
INSERT INTO shtrafy.cars (id, num, region, sts) VALUES (10, 'Н434ТХ', 97, '7760480804');
INSERT INTO shtrafy.cars (id, num, region, sts) VALUES (11, 'О367ЕК', 150, '7761073619');
INSERT INTO shtrafy.cars (id, num, region, sts) VALUES (12, 'Х345ОВ', 199, '7760478252');
INSERT INTO shtrafy.cars (id, num, region, sts) VALUES (13, 'Е509УТ', 190, '7760929302');
INSERT INTO shtrafy.cars (id, num, region, sts) VALUES (14, 'Н270МХ', 190, '7761147850');
INSERT INTO shtrafy.cars (id, num, region, sts) VALUES (15, 'Т962ММ', 97, '7760480624');
INSERT INTO shtrafy.cars (id, num, region, sts) VALUES (16, 'Т807НР', 197, '7761040341');
INSERT INTO shtrafy.cars (id, num, region, sts) VALUES (17, 'О870СР', 190, '7760930343');
INSERT INTO shtrafy.cars (id, num, region, sts) VALUES (18, 'М170ВО', 750, '7750945318');
INSERT INTO shtrafy.cars (id, num, region, sts) VALUES (19, 'У546НЕ', 190, '7761040583');
INSERT INTO shtrafy.cars (id, num, region, sts) VALUES (20, 'Т246АМ', 799, '7761149381');
CREATE TABLE shtrafy.fines
(
    id int(11) PRIMARY KEY NOT NULL AUTO_INCREMENT,
    koapSt text,
    koapText text,
    fineDate date,
    sum float,
    billId text,
    hasDiscount tinyint(1) DEFAULT '0',
    hasPhoto tinyint(1),
    divId text,
    discountSum float,
    discountUntil text,
    car_id int(11) NOT NULL,
    parseDate datetime DEFAULT CURRENT_TIMESTAMP,
    CONSTRAINT fines_ibfk_1 FOREIGN KEY (car_id) REFERENCES shtrafy.cars (id) ON DELETE CASCADE
);
CREATE INDEX car_id ON shtrafy.fines (car_id);
INSERT INTO shtrafy.fines (id, koapSt, koapText, fineDate, sum, billId, hasDiscount, hasPhoto, divId, discountSum, discountUntil, car_id, parseDate) VALUES (52, '', 'Несоблюдение требований, предписанных дорожными знаками или разметкой

Место нарушения:
МОСКВА Г.   ЛЕНИНГРАДСКИЙ ПРОСП.

Марка авто нарушителя:
РЕНО  ЛОГАН

', '2019-02-28', 500, '18810177190228134074', 1, 1, '1145000', 250, '2019-03-20', 1, '2019-03-05 12:17:06');
INSERT INTO shtrafy.fines (id, koapSt, koapText, fineDate, sum, billId, hasDiscount, hasPhoto, divId, discountSum, discountUntil, car_id, parseDate) VALUES (53, '', 'Превышение скорости на 20 - 40 км/ч

Место нарушения:
МОСКОВСКАЯ ОБЛ.   29 КМ   500 М, А Д М-7 <<ВОЛГА>>, Н.П. БАЛАШИХА

Марка авто нарушителя:
НИССАН  АЛЬМЕРА СLАSSIС 1.6 SЕ

Подразделение ГИБДД:

Центр автоматизированной фиксации административных правонарушений в области дорожного движения ГИБДД ГУ МВД России по Московской области
(Московская обл, г Звенигород, мкр Супонево, д 3)

', '2019-02-14', 500, '18810150190214426694', 1, 1, '1146511', 250, '2019-03-06', 2, '2019-03-05 12:17:18');
INSERT INTO shtrafy.fines (id, koapSt, koapText, fineDate, sum, billId, hasDiscount, hasPhoto, divId, discountSum, discountUntil, car_id, parseDate) VALUES (54, '', 'Повторное превышение скорости на 40 - 60 км/ч

Место нарушения:
МОСКОВСКАЯ ОБЛ.   48 КМ   600 М, А Д М-4 ДОН

Марка авто нарушителя:
НИССАН  АЛЬМЕРА СLАSSIС 1.6 SЕ

Подразделение ГИБДД:

Центр автоматизированной фиксации административных правонарушений в области дорожного движения ГИБДД ГУ МВД России по Московской области
(Московская обл, г Звенигород, мкр Супонево, д 3)

', '2018-12-20', 2000, '18810150181220181721', 0, 1, '1146511', 0, '0000-00-00', 2, '2019-03-05 12:17:18');
INSERT INTO shtrafy.fines (id, koapSt, koapText, fineDate, sum, billId, hasDiscount, hasPhoto, divId, discountSum, discountUntil, car_id, parseDate) VALUES (55, '', 'Повторное нарушение запрета на движение по полосе для маршрутных ТС

Место нарушения:
МОСКВА Г. ЛЕНИНСКИЙ ПРОСП. Д.632

Марка авто нарушителя:
НИССАН АЛЬМЕРА СLАSSIС 1.6 SЕ

', '2018-12-08', 3000, '18810177181208349026', 0, 1, '1145000', 0, '0000-00-00', 2, '2019-03-05 12:17:19');
INSERT INTO shtrafy.fines (id, koapSt, koapText, fineDate, sum, billId, hasDiscount, hasPhoto, divId, discountSum, discountUntil, car_id, parseDate) VALUES (56, '', 'Превышение скорости на 20 - 40 км/ч

Место нарушения:
МОСКОВСКАЯ ОБЛ.   2 КМ   065 М, А Д ВОЛКОВСКОЕ ШОССЕ, Н.П. МЫТИЩИ

Марка авто нарушителя:
НИССАН  АЛЬМЕРА СLАSSIС 1.6 SЕ

Подразделение ГИБДД:

Центр автоматизированной фиксации административных правонарушений в области дорожного движения ГИБДД ГУ МВД России по Московской области
(Московская обл, г Звенигород, мкр Супонево, д 3)

', '2018-11-27', 500, '18810150181127440143', 0, 1, '1146511', 0, '0000-00-00', 2, '2019-03-05 12:17:19');
INSERT INTO shtrafy.fines (id, koapSt, koapText, fineDate, sum, billId, hasDiscount, hasPhoto, divId, discountSum, discountUntil, car_id, parseDate) VALUES (57, '', 'Несоблюдение требований, предписанных дорожными знаками или разметкой

Место нарушения:
МОСКВА Г. МКАД, 75 КМ, ВНЕШНЯЯ СТОРОНА, СЪЕЗД НА ЛЕНИНГРАДСКОЕ Ш.

Марка авто нарушителя:
НИССАН АЛЬМЕРА СLАSSIС 1.6 SЕ

', '2018-10-16', 500, '18810177181016756731', 0, 1, '1145000', 0, '0000-00-00', 2, '2019-03-05 12:17:19');
INSERT INTO shtrafy.fines (id, koapSt, koapText, fineDate, sum, billId, hasDiscount, hasPhoto, divId, discountSum, discountUntil, car_id, parseDate) VALUES (58, '', 'Превышение скорости на 20 - 40 км/ч

Место нарушения:
МОСКОВСКАЯ ОБЛ.   А Д М-10 <РОССИЯ>, 43КМ 850М, Н.П. ЧАШНИКОВО, В МОСКВУ

Марка авто нарушителя:
НИССАН  АЛЬМЕРА СLАSSIС 1.6 SЕ

Подразделение ГИБДД:

Центр автоматизированной фиксации административных правонарушений в области дорожного движения ГИБДД ГУ МВД России по Московской области
(Московская обл, г Звенигород, мкр Супонево, д 3)

', '2018-10-16', 500, '18810150181016615123', 0, 1, '1146511', 0, '0000-00-00', 2, '2019-03-05 12:17:19');
INSERT INTO shtrafy.fines (id, koapSt, koapText, fineDate, sum, billId, hasDiscount, hasPhoto, divId, discountSum, discountUntil, car_id, parseDate) VALUES (59, '', 'Несоблюдение требований, предписанных дорожными знаками или разметкой

Место нарушения:
МОСКВА Г. ТТК, ВНЕШНЯЯ СТОРОНА, БЕГОВАЯ УЛ., Д. 5, МГО N 0515

Марка авто нарушителя:
НИССАН АЛЬМЕРА СLАSSIС 1.6 SЕ

', '2018-10-14', 500, '18810177181014463354', 0, 1, '1145000', 0, '0000-00-00', 2, '2019-03-05 12:17:20');
INSERT INTO shtrafy.fines (id, koapSt, koapText, fineDate, sum, billId, hasDiscount, hasPhoto, divId, discountSum, discountUntil, car_id, parseDate) VALUES (60, '', 'Нарушение правил расположения транспортного средства

Место нарушения:
МОСКОВСКАЯ ОБЛ.   А Д А-107 <МОСКОВСКОЕ МАЛОЕ КОЛЬЦО>, 0КМ 450М, ВНЕШНЯЯ СТОРОНА

Марка авто нарушителя:
НИССАН  АЛЬМЕРА СLАSSIС 1.6 SЕ

Подразделение ГИБДД:

Центр автоматизированной фиксации административных правонарушений в области дорожного движения ГИБДД ГУ МВД России по Московской области
(Московская обл, г Звенигород, мкр Супонево, д 3)

', '2018-10-13', 1500, '18810150181013201085', 0, 1, '1146511', 0, '0000-00-00', 2, '2019-03-05 12:17:20');
INSERT INTO shtrafy.fines (id, koapSt, koapText, fineDate, sum, billId, hasDiscount, hasPhoto, divId, discountSum, discountUntil, car_id, parseDate) VALUES (61, '', 'Превышение скорости на 20 - 40 км/ч

Место нарушения:
МОСКОВСКАЯ ОБЛ.   А Д <СОЛНЕЧНОГОРСК-СПАСС-БРЕХОВО-ЗЕЛЕНОГРАД>, 1КМ 660М, В ЗЕЛЕНОГРАД

Марка авто нарушителя:
НИССАН  АЛЬМЕРА СLАSSIС 1.6 SЕ

Подразделение ГИБДД:

Центр автоматизированной фиксации административных правонарушений в области дорожного движения ГИБДД ГУ МВД России по Московской области
(Московская обл, г Звенигород, мкр Супонево, д 3)

', '2018-10-06', 500, '18810150181006099017', 0, 1, '1146511', 0, '0000-00-00', 2, '2019-03-05 12:17:20');
INSERT INTO shtrafy.fines (id, koapSt, koapText, fineDate, sum, billId, hasDiscount, hasPhoto, divId, discountSum, discountUntil, car_id, parseDate) VALUES (62, '', 'Превышение скорости на 20 - 40 км/ч

Место нарушения:
МОСКОВСКАЯ ОБЛ.   А Д <СОЛНЕЧНОГОРСК-СПАСС-БРЕХОВО-ЗЕЛЕНОГРАД>, 1КМ 670М, К ПЯТНИЦКОМУ ШОССЕ

Марка авто нарушителя:
НИССАН  АЛЬМЕРА СLАSSIС 1.6 SЕ

Подразделение ГИБДД:

Центр автоматизированной фиксации административных правонарушений в области дорожного движения ГИБДД ГУ МВД России по Московской области
(Московская обл, г Звенигород, мкр Супонево, д 3)

', '2018-09-27', 500, '18810150180927263385', 0, 1, '1146511', 0, '0000-00-00', 2, '2019-03-05 12:17:21');
INSERT INTO shtrafy.fines (id, koapSt, koapText, fineDate, sum, billId, hasDiscount, hasPhoto, divId, discountSum, discountUntil, car_id, parseDate) VALUES (63, '', 'Нарушение правил расположения транспортного средства

Место нарушения:
МОСКВА Г. МКАД, 80КМ + 925М, П-ОБРАЗНАЯ ОПОРА, ВНУТРЕННЕЕ КОЛЬЦО

Марка авто нарушителя:
НИССАН АЛЬМЕРА СLАSSIС 1.6 SЕ

', '2018-09-26', 1500, '18810177180926423821', 0, 1, '1145000', 0, '0000-00-00', 2, '2019-03-05 12:17:21');
INSERT INTO shtrafy.fines (id, koapSt, koapText, fineDate, sum, billId, hasDiscount, hasPhoto, divId, discountSum, discountUntil, car_id, parseDate) VALUES (64, '', 'Превышение скорости на 20 - 40 км/ч

Место нарушения:
МОСКВА Г.   МКАД,101 КМ 775М, П-ОПОРА, ВНУТРЕННЯЯ СТОРОНА

Марка авто нарушителя:
ХЕНДЭ  СОЛЯРИС

', '2019-02-21', 500, '18810177190221062841', 1, 1, '1145000', 250, '2019-03-13', 3, '2019-03-05 12:17:41');
INSERT INTO shtrafy.fines (id, koapSt, koapText, fineDate, sum, billId, hasDiscount, hasPhoto, divId, discountSum, discountUntil, car_id, parseDate) VALUES (65, '', 'Несоблюдение требований, предписанных дорожными знаками или разметкой

Место нарушения:
МОСКВА Г.   МКАД, 25-Й КМ, ВНУТРЕННЯЯ СТОРОНА, СЪЕЗД С КАШИРСКОГО Ш.

Марка авто нарушителя:
ХЕНДЭ  СОЛЯРИС

', '2019-02-18', 500, '18810177190218155028', 1, 1, '1145000', 250, '2019-03-11', 3, '2019-03-05 12:17:56');
INSERT INTO shtrafy.fines (id, koapSt, koapText, fineDate, sum, billId, hasDiscount, hasPhoto, divId, discountSum, discountUntil, car_id, parseDate) VALUES (66, '', 'Несоблюдение требований, предписанных дорожными знаками или разметкой

Место нарушения:
МОСКВА Г.   МКАД, 25-Й КМ, ВНУТРЕННЯЯ СТОРОНА, СЪЕЗД С КАШИРСКОГО Ш.

Марка авто нарушителя:
ХЕНДЭ  СОЛЯРИС

', '2019-02-13', 500, '18810177190213095876', 1, 1, '1145000', 250, '2019-03-05', 3, '2019-03-05 12:17:56');
INSERT INTO shtrafy.fines (id, koapSt, koapText, fineDate, sum, billId, hasDiscount, hasPhoto, divId, discountSum, discountUntil, car_id, parseDate) VALUES (67, '', 'Превышение скорости на 20 - 40 км/ч

Место нарушения:
127КМ 300М АД М10 РОССИЯ, ТВЕРСКАЯ ОБЛАСТЬ, КОНАКОВСКИЙ Р-Н, НП СТАРОЕ МЕЛКОВО

Марка авто нарушителя:
ХЕНДЭ  СОЛЯРИС

Подразделение ГИБДД:

Центр автоматизированной фиксации административных правонарушений ГИБДД УМВД России по Тверской области
(Тверская обл, г Тверь, пр-кт Победы, д 53)

', '2019-01-15', 500, '18810169190115005412', 0, 1, '1128075', 0, '0000-00-00', 3, '2019-03-05 12:17:56');
INSERT INTO shtrafy.fines (id, koapSt, koapText, fineDate, sum, billId, hasDiscount, hasPhoto, divId, discountSum, discountUntil, car_id, parseDate) VALUES (68, '', 'Превышение скорости на 20 - 40 км/ч

Место нарушения:
131КМ 30М АД М10 РОССИЯ, ТВЕРСКАЯ ОБЛАСТЬ, КОНАКОВСКИЙ Р-Н, НП НОВОМЕЛКОВО

Марка авто нарушителя:
ХЕНДЭ  СОЛЯРИС

Подразделение ГИБДД:

Центр автоматизированной фиксации административных правонарушений ГИБДД УМВД России по Тверской области
(Тверская обл, г Тверь, пр-кт Победы, д 53)

', '2019-01-15', 500, '18810169190115005382', 0, 1, '1128075', 0, '0000-00-00', 3, '2019-03-05 12:17:56');
INSERT INTO shtrafy.fines (id, koapSt, koapText, fineDate, sum, billId, hasDiscount, hasPhoto, divId, discountSum, discountUntil, car_id, parseDate) VALUES (69, '', 'Превышение скорости на 20 - 40 км/ч

Место нарушения:
МОСКВА Г. ЗЕЛЕНОГРАД Г. ЦЕНТРАЛЬНЫЙ ПРОСП. Д.1

Марка авто нарушителя:
ХЕНДЭ  СОЛЯРИС

', '2019-01-08', 500, '18810177190108273875', 0, 1, '1145000', 0, '0000-00-00', 3, '2019-03-05 12:17:56');
INSERT INTO shtrafy.fines (id, koapSt, koapText, fineDate, sum, billId, hasDiscount, hasPhoto, divId, discountSum, discountUntil, car_id, parseDate) VALUES (70, '', 'Превышение скорости на 20 - 40 км/ч

Место нарушения:
А Д  ЕКАТЕРИНБУРГ - КОЛЬЦОВО , НА УЧАСТКЕ ОТ КМ 2 270 ДО КМ 0 880, В НАПРАВЛЕНИИ ОТ А П КОЛЬЦОВО

Марка авто нарушителя:
ХЕНДЭ  СОЛЯРИС

Подразделение ГИБДД:

Центр автоматизированной фиксации административных правонарушений ГИБДД УМВД России по городу Екатеринбургу
(г Екатеринбург, ул Степана Разина, д 20)

', '2018-10-29', 500, '18810166181029141699', 0, 1, '1165092', 0, '0000-00-00', 3, '2019-03-05 12:17:57');
INSERT INTO shtrafy.fines (id, koapSt, koapText, fineDate, sum, billId, hasDiscount, hasPhoto, divId, discountSum, discountUntil, car_id, parseDate) VALUES (71, '', 'Превышение скорости на 20 - 40 км/ч

Место нарушения:
АВТОДОРОГА ПОДЪЕЗД К ГОРОДУ ЕКАТЕРИНБУРГ ОТ А Д М-5 УРАЛ 192.500 КМ (В ЕКАТЕРИНБУРГ)

Марка авто нарушителя:
ХЕНДЭ  СОЛЯРИС

Подразделение ГИБДД:

Центр автоматизированной фиксации административных правонарушений ГИБДД УМВД России по городу Екатеринбургу
(г Екатеринбург, ул Степана Разина, д 20)

', '2018-10-12', 500, '18810166181012000426', 0, 1, '1165092', 0, '0000-00-00', 3, '2019-03-05 12:17:57');
INSERT INTO shtrafy.fines (id, koapSt, koapText, fineDate, sum, billId, hasDiscount, hasPhoto, divId, discountSum, discountUntil, car_id, parseDate) VALUES (72, '', 'Превышение скорости на 20 - 40 км/ч

Место нарушения:
АВТОДОРОГА ЮЖНЫЙ ОБХОД КАМЕНСК-УРАЛЬСКИЙ 3.600 КМ (В КАМЕНСК-УРАЛЬСКИЙ)

Марка авто нарушителя:
ХЕНДЭ СОЛЯРИС

Подразделение ГИБДД:

Центр автоматизированной фиксации административных правонарушений ГИБДД ГУ МВД России по Свердловской области
(г Екатеринбург, ул Чкалова, д 1)

', '2018-10-11', 500, '18810166181011065702', 0, 1, '1165080', 0, '0000-00-00', 3, '2019-03-05 12:17:57');
INSERT INTO shtrafy.fines (id, koapSt, koapText, fineDate, sum, billId, hasDiscount, hasPhoto, divId, discountSum, discountUntil, car_id, parseDate) VALUES (73, '', 'Превышение скорости на 20 - 40 км/ч

Место нарушения:
А Д  ЕКАТЕРИНБУРГ - КОЛЬЦОВО , НА УЧАСТКЕ: ОТ КМ 3 220 ДО КМ 5 200, В НАПРАВЛЕНИИ ОТ Г. ЕКАТЕРИНБУРГ

Марка авто нарушителя:
ХЕНДЭ  СОЛЯРИС

Подразделение ГИБДД:

Центр автоматизированной фиксации административных правонарушений ГИБДД УМВД России по городу Екатеринбургу
(г Екатеринбург, ул Степана Разина, д 20)

', '2018-10-09', 500, '18810166181009095861', 0, 1, '1165092', 0, '0000-00-00', 3, '2019-03-05 12:17:57');
INSERT INTO shtrafy.fines (id, koapSt, koapText, fineDate, sum, billId, hasDiscount, hasPhoto, divId, discountSum, discountUntil, car_id, parseDate) VALUES (74, '', 'Превышение скорости на 20 - 40 км/ч

Место нарушения:
НИЖЕГОРОДСКАЯ ОБЛ., ЛЫСКОВСКИЙ Р-Н,, А.Д. МОСКВА-УФА, 515КМ

Марка авто нарушителя:
ХЕНДЭ  СОЛЯРИС

Подразделение ГИБДД:

Центр автоматизированной фиксации административных правонарушений в области дорожного движения ГИБДД ГУ МВД России по Нижегородской области
(Нижегородская обл, г Нижний Новгород, ул Софьи Перовской, д 13)

', '2018-09-26', 500, '18810152180926057042', 0, 1, '1122378', 0, '0000-00-00', 3, '2019-03-05 12:17:57');
INSERT INTO shtrafy.fines (id, koapSt, koapText, fineDate, sum, billId, hasDiscount, hasPhoto, divId, discountSum, discountUntil, car_id, parseDate) VALUES (75, '', 'Превышение скорости на 20 - 40 км/ч

Место нарушения:
НИЖЕГОРОДСКАЯ ОБЛ., Г. Н.НОВГОРОД, УЛ.ЛАРИНА, В РАЙОНЕ Д. 25А,

Марка авто нарушителя:
ХЕНДЭ  СОЛЯРИС

Подразделение ГИБДД:

Центр автоматизированной фиксации административных правонарушений в области дорожного движения ГИБДД ГУ МВД России по Нижегородской области
(Нижегородская обл, г Нижний Новгород, ул Софьи Перовской, д 13)

', '2018-09-26', 500, '18810152180926002817', 0, 1, '1122378', 0, '0000-00-00', 3, '2019-03-05 12:17:57');
INSERT INTO shtrafy.fines (id, koapSt, koapText, fineDate, sum, billId, hasDiscount, hasPhoto, divId, discountSum, discountUntil, car_id, parseDate) VALUES (76, '', 'Превышение скорости на 20 - 40 км/ч

Место нарушения:
НИЖЕГОРОДСКАЯ ОБЛ., Г.О.Г.ДЗЕРЖИНСКА, П.ПЫРА, УЛ.МОСКОВСКАЯ, В РАЙОНЕ Д.115

Марка авто нарушителя:
ХЕНДЭ  СОЛЯРИС

Подразделение ГИБДД:

Центр автоматизированной фиксации административных правонарушений в области дорожного движения ГИБДД ГУ МВД России по Нижегородской области
(Нижегородская обл, г Нижний Новгород, ул Софьи Перовской, д 13)

', '2018-09-26', 500, '18810152180926075628', 0, 1, '1122378', 0, '0000-00-00', 3, '2019-03-05 12:17:58');
INSERT INTO shtrafy.fines (id, koapSt, koapText, fineDate, sum, billId, hasDiscount, hasPhoto, divId, discountSum, discountUntil, car_id, parseDate) VALUES (77, '', 'Превышение скорости на 20 - 40 км/ч

Место нарушения:
НИЖЕГОРОДСКАЯ ОБЛ., ВОЛОДАРСКИЙ Р-Н, А Д, МОСКВА-УФА, 351КМ, N56.26379, Е42.92676

Марка авто нарушителя:
ХЕНДЭ  СОЛЯРИС

Подразделение ГИБДД:

Центр автоматизированной фиксации административных правонарушений в области дорожного движения ГИБДД ГУ МВД России по Нижегородской области
(Нижегородская обл, г Нижний Новгород, ул Софьи Перовской, д 13)

', '2018-09-26', 500, '18810152180926085164', 0, 1, '1122378', 0, '0000-00-00', 3, '2019-03-05 12:17:58');
INSERT INTO shtrafy.fines (id, koapSt, koapText, fineDate, sum, billId, hasDiscount, hasPhoto, divId, discountSum, discountUntil, car_id, parseDate) VALUES (78, '', 'Превышение скорости на 20 - 40 км/ч

Место нарушения:
НИЖЕГОРОДСКАЯ ОБЛ., Г.О.Г.ДЗЕРЖИНСКА, А Д, МОСКВА-УФА, 388КМ

Марка авто нарушителя:
ХЕНДЭ  СОЛЯРИС

Подразделение ГИБДД:

Центр автоматизированной фиксации административных правонарушений в области дорожного движения ГИБДД ГУ МВД России по Нижегородской области
(Нижегородская обл, г Нижний Новгород, ул Софьи Перовской, д 13)

', '2018-09-25', 500, '18810152180925137026', 0, 1, '1122378', 0, '0000-00-00', 3, '2019-03-05 12:17:58');
INSERT INTO shtrafy.fines (id, koapSt, koapText, fineDate, sum, billId, hasDiscount, hasPhoto, divId, discountSum, discountUntil, car_id, parseDate) VALUES (79, '', 'Превышение скорости на 20 - 40 км/ч

Место нарушения:
НИЖЕГОРОДСКАЯ ОБЛ., ВОЛОДАРСКИЙ Р-Н, А Д, МОСКВА-УФА, 362КМ-500М

Марка авто нарушителя:
ХЕНДЭ  СОЛЯРИС

Подразделение ГИБДД:

Центр автоматизированной фиксации административных правонарушений в области дорожного движения ГИБДД ГУ МВД России по Нижегородской области
(Нижегородская обл, г Нижний Новгород, ул Софьи Перовской, д 13)

', '2018-09-25', 500, '18810152180925135384', 0, 1, '1122378', 0, '0000-00-00', 3, '2019-03-05 12:17:58');
INSERT INTO shtrafy.fines (id, koapSt, koapText, fineDate, sum, billId, hasDiscount, hasPhoto, divId, discountSum, discountUntil, car_id, parseDate) VALUES (80, '', 'Превышение скорости на 20 - 40 км/ч

Место нарушения:
НИЖЕГОРОДСКАЯ ОБЛ., ВОЛОДАРСКИЙ Р-Н, П.ТАЛАШМАНОВО, А Д МОСКВА-УФА, 353КМ

Марка авто нарушителя:
ХЕНДЭ  СОЛЯРИС

Подразделение ГИБДД:

Центр автоматизированной фиксации административных правонарушений в области дорожного движения ГИБДД ГУ МВД России по Нижегородской области
(Нижегородская обл, г Нижний Новгород, ул Софьи Перовской, д 13)

', '2018-09-25', 500, '18810152180925135112', 0, 1, '1122378', 0, '0000-00-00', 3, '2019-03-05 12:17:59');
INSERT INTO shtrafy.fines (id, koapSt, koapText, fineDate, sum, billId, hasDiscount, hasPhoto, divId, discountSum, discountUntil, car_id, parseDate) VALUES (81, '', 'Превышение скорости на 20 - 40 км/ч

Место нарушения:
НИЖЕГОРОДСКАЯ  ОБЛ., Г.КСТОВО, А Д М7, 439 КМ ВЫЕЗД ИЗ КСТОВО В НАПРАВЛЕНИИ ЛЫСКОВО

Марка авто нарушителя:
ХЕНДЭ  СОЛЯРИС

Подразделение ГИБДД:

Центр автоматизированной фиксации административных правонарушений в области дорожного движения ГИБДД ГУ МВД России по Нижегородской области
(Нижегородская обл, г Нижний Новгород, ул Софьи Перовской, д 13)

', '2018-09-24', 500, '18810152180924058726', 0, 1, '1122378', 0, '0000-00-00', 3, '2019-03-05 12:17:59');
INSERT INTO shtrafy.fines (id, koapSt, koapText, fineDate, sum, billId, hasDiscount, hasPhoto, divId, discountSum, discountUntil, car_id, parseDate) VALUES (82, '', 'Превышение скорости на 20 - 40 км/ч

Место нарушения:
НИЖЕГОРОДСКАЯ ОБЛ., ДЗЕРЖИНСКИЙ Р-ОН, ПОС. ПЫРА, В РАЙОНЕ Д. 35, ДВИЖЕНИЕ ОТ Г.МОСКВА

Марка авто нарушителя:
ХЕНДЭ  СОЛЯРИС

Подразделение ГИБДД:

Центр автоматизированной фиксации административных правонарушений в области дорожного движения ГИБДД ГУ МВД России по Нижегородской области
(Нижегородская обл, г Нижний Новгород, ул Софьи Перовской, д 13)

', '2018-09-24', 500, '18810152180924089613', 0, 1, '1122378', 0, '0000-00-00', 3, '2019-03-05 12:17:59');
INSERT INTO shtrafy.fines (id, koapSt, koapText, fineDate, sum, billId, hasDiscount, hasPhoto, divId, discountSum, discountUntil, car_id, parseDate) VALUES (83, '', 'Превышение скорости на 20 - 40 км/ч

Место нарушения:
НИЖЕГОРОДСКАЯ  ОБЛ., ЛЫСКОВСКИЙ  РАЙОН, Д.КРЕСТЬЯНКА

Марка авто нарушителя:
ХЕНДЭ  СОЛЯРИС

Подразделение ГИБДД:

Центр автоматизированной фиксации административных правонарушений в области дорожного движения ГИБДД ГУ МВД России по Нижегородской области
(Нижегородская обл, г Нижний Новгород, ул Софьи Перовской, д 13)

', '2018-09-24', 500, '18810152180924064394', 0, 1, '1122378', 0, '0000-00-00', 3, '2019-03-05 12:17:59');
INSERT INTO shtrafy.fines (id, koapSt, koapText, fineDate, sum, billId, hasDiscount, hasPhoto, divId, discountSum, discountUntil, car_id, parseDate) VALUES (84, '', 'Превышение скорости на 20 - 40 км/ч

Место нарушения:
МОСКОВСКАЯ ОБЛ.   А Д М-7 <ВОЛГА>, 64КМ 740М, Н.П. БОЛЬШОЕ БУНЬКОВО, В МОСКВУ

Марка авто нарушителя:
ХЕНДЭ  СОЛЯРИС

Подразделение ГИБДД:

Центр автоматизированной фиксации административных правонарушений в области дорожного движения ГИБДД ГУ МВД России по Московской области
(Московская обл, г Звенигород, мкр Супонево, д 3)

', '2018-09-14', 500, '18810150180914615415', 0, 1, '1146511', 0, '0000-00-00', 3, '2019-03-05 12:17:59');
INSERT INTO shtrafy.fines (id, koapSt, koapText, fineDate, sum, billId, hasDiscount, hasPhoto, divId, discountSum, discountUntil, car_id, parseDate) VALUES (85, '', 'Превышение скорости на 20 - 40 км/ч

Место нарушения:
МОСКВА Г. ТАЛДОМСКАЯ Д.2Б

Марка авто нарушителя:
ХЕНДЭ СОЛЯРИС

', '2018-09-10', 500, '18810177180910873537', 0, 1, '1145000', 0, '0000-00-00', 3, '2019-03-05 12:18:00');
INSERT INTO shtrafy.fines (id, koapSt, koapText, fineDate, sum, billId, hasDiscount, hasPhoto, divId, discountSum, discountUntil, car_id, parseDate) VALUES (86, '', 'Повторное превышение скорости на 40 - 60 км/ч

Место нарушения:
МОСКВА Г. МКАД, 58КМ 950М, ВНУТРЕННЯЯ СТОРОНА, П-ОПОРА

Марка авто нарушителя:
ХЕНДЭ СОЛЯРИС

', '2018-09-06', 2000, '18810177180906111237', 0, 1, '1145000', 0, '0000-00-00', 3, '2019-03-05 12:18:00');
INSERT INTO shtrafy.fines (id, koapSt, koapText, fineDate, sum, billId, hasDiscount, hasPhoto, divId, discountSum, discountUntil, car_id, parseDate) VALUES (87, '', 'Несоблюдение требований, предписанных дорожными знаками или разметкой

Место нарушения:
МОСКВА Г.   ТТК (ВНУТРЕННЯЯ СТОРОНА), СЪЕЗД НА УЛ. КРАСНОПРУДНАЯ

Марка авто нарушителя:
ХЕНДЭ  СОЛЯРИС

', '2019-02-25', 500, '18810177190225449353', 1, 1, '1145000', 250, '2019-03-18', 4, '2019-03-05 12:18:10');
INSERT INTO shtrafy.fines (id, koapSt, koapText, fineDate, sum, billId, hasDiscount, hasPhoto, divId, discountSum, discountUntil, car_id, parseDate) VALUES (88, '', 'Превышение скорости на 20 - 40 км/ч

Место нарушения:
МОСКОВСКАЯ ОБЛ.   28 КМ   100 М, А Д А-107 ММК МОЖАЙСКО-ВОЛОКОЛАМСКОГО НАПРАВЛЕНИЯ, РЕКОНСТРУ

Марка авто нарушителя:
ХЕНДЭ  СОЛЯРИС

Подразделение ГИБДД:

Центр автоматизированной фиксации административных правонарушений в области дорожного движения ГИБДД ГУ МВД России по Московской области
(Московская обл, г Звенигород, мкр Супонево, д 3)

', '2019-01-18', 500, '18810150190118005179', 0, 1, '1146511', 0, '0000-00-00', 4, '2019-03-05 12:18:10');
INSERT INTO shtrafy.fines (id, koapSt, koapText, fineDate, sum, billId, hasDiscount, hasPhoto, divId, discountSum, discountUntil, car_id, parseDate) VALUES (89, '', 'Несоблюдение требований, предписанных дорожными знаками или разметкой

Место нарушения:
МОСКВА Г. ЭНТУЗИАСТОВ Ш.

Марка авто нарушителя:
ХЕНДЭ СОЛЯРИС

', '2018-12-07', 500, '18810177181207234934', 0, 1, '1145000', 0, '0000-00-00', 4, '2019-03-05 12:18:11');
INSERT INTO shtrafy.fines (id, koapSt, koapText, fineDate, sum, billId, hasDiscount, hasPhoto, divId, discountSum, discountUntil, car_id, parseDate) VALUES (90, '', 'Превышение скорости на 20 - 40 км/ч

Место нарушения:
МОСКВА Г.   НОВОРИЖСКОЕ Ш., 17КМ 530М, Г-ОПОРА, В ЦЕНТР

Марка авто нарушителя:
РЕНО  ФЛЮЕНС

', '2019-02-15', 500, '18810177190215192337', 1, 1, '1145000', 250, '2019-03-07', 5, '2019-03-05 12:18:41');
INSERT INTO shtrafy.fines (id, koapSt, koapText, fineDate, sum, billId, hasDiscount, hasPhoto, divId, discountSum, discountUntil, car_id, parseDate) VALUES (91, '', 'Превышение скорости на 20 - 40 км/ч

Место нарушения:
МОСКВА Г.   БЕРНИКОВСКАЯ НАБ.

Марка авто нарушителя:
РЕНО  ФЛЮЕНС

', '2019-02-01', 500, '18810177190201219524', 0, 1, '1145000', 0, '0000-00-00', 5, '2019-03-05 12:18:41');
INSERT INTO shtrafy.fines (id, koapSt, koapText, fineDate, sum, billId, hasDiscount, hasPhoto, divId, discountSum, discountUntil, car_id, parseDate) VALUES (92, '', 'Превышение скорости на 20 - 40 км/ч

Место нарушения:
МОСКОВСКАЯ ОБЛ.   А Д <ЩЕЛКОВО-ФРЯНОВО>, 17КМ 580М, Н.П. ТРУБИНО, ИЗ МОСКВЫ

Марка авто нарушителя:
РЕНО  ФЛЮЕНС

Подразделение ГИБДД:

Центр автоматизированной фиксации административных правонарушений в области дорожного движения ГИБДД ГУ МВД России по Московской области
(Московская обл, г Звенигород, мкр Супонево, д 3)

', '2019-01-29', 500, '18810150190129006996', 0, 1, '1146511', 0, '0000-00-00', 5, '2019-03-05 12:18:41');
INSERT INTO shtrafy.fines (id, koapSt, koapText, fineDate, sum, billId, hasDiscount, hasPhoto, divId, discountSum, discountUntil, car_id, parseDate) VALUES (93, '', 'Превышение скорости на 20 - 40 км/ч

Место нарушения:
МОСКВА Г.   МКАД, 45КМ 450М, ВНУТРЕННЯЯ СТОРОНА, П-ОПОРА

Марка авто нарушителя:
РЕНО  ФЛЮЕНС

', '2019-01-27', 500, '18810177190127058895', 0, 1, '1145000', 0, '0000-00-00', 5, '2019-03-05 12:18:42');
INSERT INTO shtrafy.fines (id, koapSt, koapText, fineDate, sum, billId, hasDiscount, hasPhoto, divId, discountSum, discountUntil, car_id, parseDate) VALUES (94, '', 'Превышение скорости на 20 - 40 км/ч

Место нарушения:
МОСКВА Г.   КОСМОДАМИАНСКАЯ НАБ. Д.32-34 СТР.14

Марка авто нарушителя:
РЕНО  ФЛЮЕНС

', '2019-01-21', 500, '18810177190121030395', 0, 1, '1145000', 0, '0000-00-00', 5, '2019-03-05 12:18:42');
INSERT INTO shtrafy.fines (id, koapSt, koapText, fineDate, sum, billId, hasDiscount, hasPhoto, divId, discountSum, discountUntil, car_id, parseDate) VALUES (95, '', 'Повторное нарушение запрета на движение по полосе для маршрутных ТС

Место нарушения:
МОСКВА Г.   САДОВОЕ КОЛЬЦО, ВНУТРЕННЯЯ СТОРОНА, УЛ. ЗАЦЕПСКИЙ ВАЛ, Д. 14

Марка авто нарушителя:
РЕНО  ФЛЮЕНС

', '2019-01-20', 3000, '18810177190120458715', 0, 1, '1145000', 0, '0000-00-00', 5, '2019-03-05 12:18:42');
INSERT INTO shtrafy.fines (id, koapSt, koapText, fineDate, sum, billId, hasDiscount, hasPhoto, divId, discountSum, discountUntil, car_id, parseDate) VALUES (96, '', 'Повторное нарушение запрета на движение по полосе для маршрутных ТС

Место нарушения:
МОСКВА Г.   ПРОФСОЮЗНАЯ

Марка авто нарушителя:
РЕНО  ФЛЮЕНС

', '2019-01-18', 3000, '18810177190118490259', 0, 1, '1145000', 0, '0000-00-00', 5, '2019-03-05 12:18:42');
INSERT INTO shtrafy.fines (id, koapSt, koapText, fineDate, sum, billId, hasDiscount, hasPhoto, divId, discountSum, discountUntil, car_id, parseDate) VALUES (97, '', 'Несоблюдение требований, предписанных дорожными знаками или разметкой

Место нарушения:
МОСКВА Г.   ЛЕНИНГРАДСКИЙ ПРОСП.

Марка авто нарушителя:
РЕНО  ФЛЮЕНС

', '2019-01-05', 500, '18810177190105155618', 0, 1, '1145000', 0, '0000-00-00', 5, '2019-03-05 12:18:43');
INSERT INTO shtrafy.fines (id, koapSt, koapText, fineDate, sum, billId, hasDiscount, hasPhoto, divId, discountSum, discountUntil, car_id, parseDate) VALUES (98, '', 'Превышение скорости на 20 - 40 км/ч

Место нарушения:
МОСКВА Г. ШИРОКАЯ

Марка авто нарушителя:
РЕНО ФЛЮЕНС

', '2018-10-19', 500, '18810177181019286981', 0, 1, '1145000', 0, '0000-00-00', 5, '2019-03-05 12:18:43');
INSERT INTO shtrafy.fines (id, koapSt, koapText, fineDate, sum, billId, hasDiscount, hasPhoto, divId, discountSum, discountUntil, car_id, parseDate) VALUES (99, '', 'Превышение скорости на 20 - 40 км/ч

Место нарушения:
МОСКВА Г. МКАД 57 КМ, ОТ УЛ. МОЛОДОГВАРДЕЙСКАЯ

Марка авто нарушителя:
РЕНО ФЛЮЕНС

', '2018-10-19', 500, '18810177181019189178', 0, 1, '1145000', 0, '0000-00-00', 5, '2019-03-05 12:18:43');
INSERT INTO shtrafy.fines (id, koapSt, koapText, fineDate, sum, billId, hasDiscount, hasPhoto, divId, discountSum, discountUntil, car_id, parseDate) VALUES (100, '', 'Превышение скорости на 20 - 40 км/ч

Место нарушения:
МОСКОВСКАЯ ОБЛ.   А Д <УВАРОВКА-ИВАКИНО-ГУБИНО-МОЖАЙСК>, 55КМ 880М, Н.П. Б.ПАРФЕНКИ, В МОЖАЙС

Марка авто нарушителя:
РЕНО  ФЛЮЕНС

Подразделение ГИБДД:

Центр автоматизированной фиксации административных правонарушений в области дорожного движения ГИБДД ГУ МВД России по Московской области
(Московская обл, г Звенигород, мкр Супонево, д 3)

', '2018-10-16', 500, '18810150181016347285', 0, 1, '1146511', 0, '0000-00-00', 5, '2019-03-05 12:18:43');
INSERT INTO shtrafy.fines (id, koapSt, koapText, fineDate, sum, billId, hasDiscount, hasPhoto, divId, discountSum, discountUntil, car_id, parseDate) VALUES (101, '', 'Превышение скорости на 20 - 40 км/ч

Место нарушения:
МОСКОВСКАЯ ОБЛ.   А Д М-1 <БЕЛАРУСЬ>, 63КМ 920М, Н.П. КУБИНКА, ИЗ МОСКВЫ

Марка авто нарушителя:
РЕНО  ФЛЮЕНС

Подразделение ГИБДД:

Центр автоматизированной фиксации административных правонарушений в области дорожного движения ГИБДД ГУ МВД России по Московской области
(Московская обл, г Звенигород, мкр Супонево, д 3)

', '2018-10-16', 500, '18810150181016450841', 0, 1, '1146511', 0, '0000-00-00', 5, '2019-03-05 12:18:43');
INSERT INTO shtrafy.fines (id, koapSt, koapText, fineDate, sum, billId, hasDiscount, hasPhoto, divId, discountSum, discountUntil, car_id, parseDate) VALUES (102, '', 'Превышение скорости на 20 - 40 км/ч

Место нарушения:
МОСКВА Г. СЕВЕРО-ВОСТОЧНАЯ ХОРДА, НАПРОТИВ Д.33А, С.3 ПО ЗЕЛЕНОГРАДСКОЙ УЛ.

Марка авто нарушителя:
РЕНО ФЛЮЕНС

', '2018-10-16', 500, '18810177181016198038', 0, 1, '1145000', 0, '0000-00-00', 5, '2019-03-05 12:18:44');
INSERT INTO shtrafy.fines (id, koapSt, koapText, fineDate, sum, billId, hasDiscount, hasPhoto, divId, discountSum, discountUntil, car_id, parseDate) VALUES (103, '', 'Превышение скорости на 20 - 40 км/ч

Место нарушения:
МОСКОВСКАЯ ОБЛ.   А Д <УВАРОВКА-ИВАКИНО-ГУБИНО-МОЖАЙСК>, 55КМ 880М, Н.П. Б.ПАРФЕНКИ, В МОЖАЙС

Марка авто нарушителя:
РЕНО  ФЛЮЕНС

Подразделение ГИБДД:

Центр автоматизированной фиксации административных правонарушений в области дорожного движения ГИБДД ГУ МВД России по Московской области
(Московская обл, г Звенигород, мкр Супонево, д 3)

', '2018-10-16', 500, '18810150181016390733', 0, 1, '1146511', 0, '0000-00-00', 5, '2019-03-05 12:18:44');
INSERT INTO shtrafy.fines (id, koapSt, koapText, fineDate, sum, billId, hasDiscount, hasPhoto, divId, discountSum, discountUntil, car_id, parseDate) VALUES (104, '', 'Превышение скорости на 20 - 40 км/ч

Место нарушения:
МОСКОВСКАЯ ОБЛ.   А Д М-1 <БЕЛАРУСЬ>, 63КМ 695М, Н.П. КУБИНКА, В МОСКВУ

Марка авто нарушителя:
РЕНО  ФЛЮЕНС

Подразделение ГИБДД:

Центр автоматизированной фиксации административных правонарушений в области дорожного движения ГИБДД ГУ МВД России по Московской области
(Московская обл, г Звенигород, мкр Супонево, д 3)

', '2018-10-16', 500, '18810150181016408845', 0, 1, '1146511', 0, '0000-00-00', 5, '2019-03-05 12:18:44');
INSERT INTO shtrafy.fines (id, koapSt, koapText, fineDate, sum, billId, hasDiscount, hasPhoto, divId, discountSum, discountUntil, car_id, parseDate) VALUES (105, '', 'Превышение скорости на 20 - 40 км/ч

Место нарушения:
МОСКОВСКАЯ ОБЛ.   А Д М-1 <БЕЛАРУСЬ>, 63КМ 920М, Н.П. КУБИНКА, ИЗ МОСКВЫ

Марка авто нарушителя:
РЕНО  ФЛЮЕНС

Подразделение ГИБДД:

Центр автоматизированной фиксации административных правонарушений в области дорожного движения ГИБДД ГУ МВД России по Московской области
(Московская обл, г Звенигород, мкр Супонево, д 3)

', '2018-10-15', 500, '18810150181015180298', 0, 1, '1146511', 0, '0000-00-00', 5, '2019-03-05 12:18:45');
INSERT INTO shtrafy.fines (id, koapSt, koapText, fineDate, sum, billId, hasDiscount, hasPhoto, divId, discountSum, discountUntil, car_id, parseDate) VALUES (106, '', 'Повторное превышение скорости на 40 - 60 км/ч

Место нарушения:
МОСКОВСКАЯ ОБЛ.   А Д <УВАРОВКА-ИВАКИНО-ГУБИНО-МОЖАЙСК>, 55КМ 880М, Н.П. Б.ПАРФЕНКИ, В МОЖАЙС

Марка авто нарушителя:
РЕНО  ФЛЮЕНС

Подразделение ГИБДД:

Центр автоматизированной фиксации административных правонарушений в области дорожного движения ГИБДД ГУ МВД России по Московской области
(Московская обл, г Звенигород, мкр Супонево, д 3)

', '2018-10-14', 2000, '18810150181014004984', 0, 1, '1146511', 0, '0000-00-00', 5, '2019-03-05 12:18:45');
INSERT INTO shtrafy.fines (id, koapSt, koapText, fineDate, sum, billId, hasDiscount, hasPhoto, divId, discountSum, discountUntil, car_id, parseDate) VALUES (107, '', 'Превышение скорости на 20 - 40 км/ч

Место нарушения:
МОСКВА Г. МКАД 61КМ 170М, ВНЕШНЯЯ СТОРОНА, П-ОПОРА

Марка авто нарушителя:
РЕНО ФЛЮЕНС

', '2018-10-14', 500, '18810177181014972690', 0, 1, '1145000', 0, '0000-00-00', 5, '2019-03-05 12:18:45');
INSERT INTO shtrafy.fines (id, koapSt, koapText, fineDate, sum, billId, hasDiscount, hasPhoto, divId, discountSum, discountUntil, car_id, parseDate) VALUES (108, '', 'Превышение скорости на 20 - 40 км/ч

Место нарушения:
МОСКОВСКАЯ ОБЛ.   А Д <УВАРОВКА-ИВАКИНО-ГУБИНО-МОЖАЙСК>, 55КМ 880М, Н.П. Б.ПАРФЕНКИ, В МОЖАЙС

Марка авто нарушителя:
РЕНО  ФЛЮЕНС

Подразделение ГИБДД:

Центр автоматизированной фиксации административных правонарушений в области дорожного движения ГИБДД ГУ МВД России по Московской области
(Московская обл, г Звенигород, мкр Супонево, д 3)

', '2018-10-12', 500, '18810150181012189170', 0, 1, '1146511', 0, '0000-00-00', 5, '2019-03-05 12:18:46');
INSERT INTO shtrafy.fines (id, koapSt, koapText, fineDate, sum, billId, hasDiscount, hasPhoto, divId, discountSum, discountUntil, car_id, parseDate) VALUES (109, '', 'Превышение скорости на 20 - 40 км/ч

Место нарушения:
МОСКОВСКАЯ ОБЛ.   А Д <УВАРОВКА-ИВАКИНО-ГУБИНО-МОЖАЙСК>, 55КМ 880М, Н.П. Б.ПАРФЕНКИ, В МОЖАЙС

Марка авто нарушителя:
РЕНО  ФЛЮЕНС

Подразделение ГИБДД:

Центр автоматизированной фиксации административных правонарушений в области дорожного движения ГИБДД ГУ МВД России по Московской области
(Московская обл, г Звенигород, мкр Супонево, д 3)

', '2018-10-08', 500, '18810150181008043264', 0, 1, '1146511', 0, '0000-00-00', 5, '2019-03-05 12:18:46');
INSERT INTO shtrafy.fines (id, koapSt, koapText, fineDate, sum, billId, hasDiscount, hasPhoto, divId, discountSum, discountUntil, car_id, parseDate) VALUES (110, '', 'Превышение скорости на 20 - 40 км/ч

Место нарушения:
МОСКОВСКАЯ ОБЛ.   А Д <УВАРОВКА-ИВАКИНО-ГУБИНО-МОЖАЙСК>, 55КМ 880М, Н.П. Б.ПАРФЕНКИ, В МОЖАЙС

Марка авто нарушителя:
РЕНО  ФЛЮЕНС

Подразделение ГИБДД:

Центр автоматизированной фиксации административных правонарушений в области дорожного движения ГИБДД ГУ МВД России по Московской области
(Московская обл, г Звенигород, мкр Супонево, д 3)

', '2018-10-04', 500, '18810150181004213335', 0, 1, '1146511', 0, '0000-00-00', 5, '2019-03-05 12:18:47');
INSERT INTO shtrafy.fines (id, koapSt, koapText, fineDate, sum, billId, hasDiscount, hasPhoto, divId, discountSum, discountUntil, car_id, parseDate) VALUES (111, '', 'Превышение скорости на 20 - 40 км/ч

Место нарушения:
МОСКОВСКАЯ ОБЛ.   А Д А-108 <МОСКОВСКОЕ БОЛЬШОЕ КОЛЬЦО>, 423КМ 459М, Н.П. НАЗАРЬЕВО, ВНЕШНЯЯ

Марка авто нарушителя:
РЕНО  ФЛЮЕНС

Подразделение ГИБДД:

Центр автоматизированной фиксации административных правонарушений в области дорожного движения ГИБДД ГУ МВД России по Московской области
(Московская обл, г Звенигород, мкр Супонево, д 3)

', '2018-10-02', 500, '18810150181002346028', 0, 1, '1146511', 0, '0000-00-00', 5, '2019-03-05 12:18:47');
INSERT INTO shtrafy.fines (id, koapSt, koapText, fineDate, sum, billId, hasDiscount, hasPhoto, divId, discountSum, discountUntil, car_id, parseDate) VALUES (112, '', 'Превышение скорости на 20 - 40 км/ч

Место нарушения:
МОСКОВСКАЯ ОБЛ.   А Д <УВАРОВКА-ИВАКИНО-ГУБИНО-МОЖАЙСК>, 55КМ 880М, Н.П. Б.ПАРФЕНКИ, В МОЖАЙС

Марка авто нарушителя:
РЕНО  ФЛЮЕНС

Подразделение ГИБДД:

Центр автоматизированной фиксации административных правонарушений в области дорожного движения ГИБДД ГУ МВД России по Московской области
(Московская обл, г Звенигород, мкр Супонево, д 3)

', '2018-10-02', 500, '18810150181002003031', 0, 1, '1146511', 0, '0000-00-00', 5, '2019-03-05 12:18:47');
INSERT INTO shtrafy.fines (id, koapSt, koapText, fineDate, sum, billId, hasDiscount, hasPhoto, divId, discountSum, discountUntil, car_id, parseDate) VALUES (113, '', 'Превышение скорости на 20 - 40 км/ч

Место нарушения:
МОСКОВСКАЯ ОБЛ.   А Д <УВАРОВКА-ИВАКИНО-ГУБИНО-МОЖАЙСК>, 55КМ 880М, Н.П. Б.ПАРФЕНКИ, В МОЖАЙС

Марка авто нарушителя:
РЕНО  ФЛЮЕНС

Подразделение ГИБДД:

Центр автоматизированной фиксации административных правонарушений в области дорожного движения ГИБДД ГУ МВД России по Московской области
(Московская обл, г Звенигород, мкр Супонево, д 3)

', '2018-10-01', 500, '18810150181001174864', 0, 1, '1146511', 0, '0000-00-00', 5, '2019-03-05 12:18:48');
INSERT INTO shtrafy.fines (id, koapSt, koapText, fineDate, sum, billId, hasDiscount, hasPhoto, divId, discountSum, discountUntil, car_id, parseDate) VALUES (114, '', 'Повторное превышение скорости на 40 - 60 км/ч

Место нарушения:
МОСКОВСКАЯ ОБЛ.   А Д <УВАРОВКА-ИВАКИНО-ГУБИНО-МОЖАЙСК>, 55КМ 880М, Н.П. Б.ПАРФЕНКИ, В МОЖАЙС

Марка авто нарушителя:
РЕНО  ФЛЮЕНС

Подразделение ГИБДД:

Центр автоматизированной фиксации административных правонарушений в области дорожного движения ГИБДД ГУ МВД России по Московской области
(Московская обл, г Звенигород, мкр Супонево, д 3)

', '2018-10-01', 2000, '18810150181001071335', 0, 1, '1146511', 0, '0000-00-00', 5, '2019-03-05 12:18:48');
INSERT INTO shtrafy.fines (id, koapSt, koapText, fineDate, sum, billId, hasDiscount, hasPhoto, divId, discountSum, discountUntil, car_id, parseDate) VALUES (115, '', 'Превышение скорости на 20 - 40 км/ч

Место нарушения:
МОСКОВСКАЯ ОБЛ.   А Д <УВАРОВКА-ИВАКИНО-ГУБИНО-МОЖАЙСК>, 55КМ 880М, Н.П. Б.ПАРФЕНКИ, В МОЖАЙС

Марка авто нарушителя:
РЕНО  ФЛЮЕНС

Подразделение ГИБДД:

Центр автоматизированной фиксации административных правонарушений в области дорожного движения ГИБДД ГУ МВД России по Московской области
(Московская обл, г Звенигород, мкр Супонево, д 3)

', '2018-09-26', 500, '18810150180926382100', 0, 1, '1146511', 0, '0000-00-00', 5, '2019-03-05 12:18:49');
INSERT INTO shtrafy.fines (id, koapSt, koapText, fineDate, sum, billId, hasDiscount, hasPhoto, divId, discountSum, discountUntil, car_id, parseDate) VALUES (116, '', 'Превышение скорости на 20 - 40 км/ч

Место нарушения:
МОСКВА Г. ГЕНЕРАЛА ДОРОХОВА Д.16 СТР.7

Марка авто нарушителя:
РЕНО ФЛЮЕНС

', '2018-09-22', 500, '18810177180922345626', 0, 1, '1145000', 0, '0000-00-00', 5, '2019-03-05 12:18:49');
INSERT INTO shtrafy.fines (id, koapSt, koapText, fineDate, sum, billId, hasDiscount, hasPhoto, divId, discountSum, discountUntil, car_id, parseDate) VALUES (117, '', 'Превышение скорости на 20 - 40 км/ч

Место нарушения:
МОСКОВСКАЯ ОБЛ.   А Д М-10 <РОССИЯ>, 101КМ 900М, В МОСКВУ

Марка авто нарушителя:
ХЕНДЭ  ЭЛАНТРА 1.6 GLS

Подразделение ГИБДД:

Центр автоматизированной фиксации административных правонарушений в области дорожного движения ГИБДД ГУ МВД России по Московской области
(Московская обл, г Звенигород, мкр Супонево, д 3)

', '2018-11-10', 500, '18810150181110017544', 0, 1, '1146511', 0, '0000-00-00', 6, '2019-03-05 12:19:09');
INSERT INTO shtrafy.fines (id, koapSt, koapText, fineDate, sum, billId, hasDiscount, hasPhoto, divId, discountSum, discountUntil, car_id, parseDate) VALUES (118, '', 'Превышение скорости на 20 - 40 км/ч

Место нарушения:
МОСКВА Г. МКАД 37 КМ, НАПРОТИВ МГО N 031 ОТ ПРОЕЗДА КАРАМЗИНА, ВНЕШНЕЕ КОЛЬЦО

Марка авто нарушителя:
ХЕНДЭ ЭЛАНТРА 1.6 GLS

', '2018-10-22', 500, '18810177181022393629', 0, 1, '1145000', 0, '0000-00-00', 6, '2019-03-05 12:19:09');
INSERT INTO shtrafy.fines (id, koapSt, koapText, fineDate, sum, billId, hasDiscount, hasPhoto, divId, discountSum, discountUntil, car_id, parseDate) VALUES (119, '', 'Повторное превышение скорости на 40 - 60 км/ч

Место нарушения:
МОСКОВСКАЯ ОБЛ.   Г. ОДИНЦОВО, УЛ. МАКОВСКОГО, 0КМ 990М, ОТ ТРАНСПОРТНОГО ПРОЕЗДА

Марка авто нарушителя:
ХЕНДЭ  ЭЛАНТРА 1.6 GLS

Подразделение ГИБДД:

Центр автоматизированной фиксации административных правонарушений в области дорожного движения ГИБДД ГУ МВД России по Московской области
(Московская обл, г Звенигород, мкр Супонево, д 3)

', '2018-10-18', 2000, '18810150181018229174', 0, 1, '1146511', 0, '0000-00-00', 6, '2019-03-05 12:19:10');
INSERT INTO shtrafy.fines (id, koapSt, koapText, fineDate, sum, billId, hasDiscount, hasPhoto, divId, discountSum, discountUntil, car_id, parseDate) VALUES (120, '', 'Превышение скорости на 20 - 40 км/ч

Место нарушения:
МОСКВА Г. КОКОШКИНО ДП М-1 <БЕЛАРУСЬ>- КОКОШКИНО, 650М ОТ БОРОВСКОГО Ш.

Марка авто нарушителя:
ХЕНДЭ ЭЛАНТРА 1.6 GLS

', '2018-10-16', 500, '18810177181016886945', 0, 1, '1145000', 0, '0000-00-00', 6, '2019-03-05 12:19:10');
INSERT INTO shtrafy.fines (id, koapSt, koapText, fineDate, sum, billId, hasDiscount, hasPhoto, divId, discountSum, discountUntil, car_id, parseDate) VALUES (121, '', 'Повторное превышение скорости на 40 - 60 км/ч

Место нарушения:
МОСКВА Г. МКАД 61КМ 170М, ВНЕШНЯЯ СТОРОНА, П-ОПОРА

Марка авто нарушителя:
ХЕНДЭ ЭЛАНТРА 1.6 GLS

', '2018-10-16', 2000, '18810177181016266246', 0, 1, '1145000', 0, '0000-00-00', 6, '2019-03-05 12:19:10');
INSERT INTO shtrafy.fines (id, koapSt, koapText, fineDate, sum, billId, hasDiscount, hasPhoto, divId, discountSum, discountUntil, car_id, parseDate) VALUES (122, '', 'Несоблюдение требований, предписанных дорожными знаками или разметкой

Место нарушения:
МОСКВА Г.   ЛЕНИНГРАДСКИЙ ПРОСП.

Марка авто нарушителя:
РЕНО  ЛОГАН

', '2019-02-24', 500, '18810177190224088067', 1, 1, '1145000', 250, '2019-03-18', 7, '2019-03-05 12:19:41');
INSERT INTO shtrafy.fines (id, koapSt, koapText, fineDate, sum, billId, hasDiscount, hasPhoto, divId, discountSum, discountUntil, car_id, parseDate) VALUES (123, '', 'Превышение скорости на 20 - 40 км/ч

Место нарушения:
МОСКОВСКАЯ ОБЛ.   44 КМ   950 М, А Д М-10 <<РОССИЯ>>, Н.П. ДУРЫКИНО

Марка авто нарушителя:
РЕНО  ЛОГАН

Подразделение ГИБДД:

Центр автоматизированной фиксации административных правонарушений в области дорожного движения ГИБДД ГУ МВД России по Московской области
(Московская обл, г Звенигород, мкр Супонево, д 3)

', '2019-01-28', 500, '18810150190128088093', 0, 1, '1146511', 0, '0000-00-00', 7, '2019-03-05 12:19:41');
INSERT INTO shtrafy.fines (id, koapSt, koapText, fineDate, sum, billId, hasDiscount, hasPhoto, divId, discountSum, discountUntil, car_id, parseDate) VALUES (124, '', 'Превышение скорости на 20 - 40 км/ч

Место нарушения:
МОСКОВСКАЯ ОБЛ.   18 КМ   750 М, А Д А-107 ММК <<ВОЛОКОЛАМСКО-ЛЕНИНГРАДСКОГО НАПРАВЛЕНИЯ>>, Р

Марка авто нарушителя:
РЕНО  ЛОГАН

Подразделение ГИБДД:

Центр автоматизированной фиксации административных правонарушений в области дорожного движения ГИБДД ГУ МВД России по Московской области
(Московская обл, г Звенигород, мкр Супонево, д 3)

', '2019-01-20', 500, '18810150190120022204', 0, 1, '1146511', 0, '0000-00-00', 7, '2019-03-05 12:19:41');
INSERT INTO shtrafy.fines (id, koapSt, koapText, fineDate, sum, billId, hasDiscount, hasPhoto, divId, discountSum, discountUntil, car_id, parseDate) VALUES (125, '', 'Несоблюдение требований, предписанных дорожными знаками или разметкой

Место нарушения:
МОСКВА Г. ВЕШНЯКОВСКАЯ

Марка авто нарушителя:
РЕНО ЛОГАН

', '2018-11-27', 500, '18810177181127134526', 0, 1, '1145000', 0, '0000-00-00', 7, '2019-03-05 12:19:41');
INSERT INTO shtrafy.fines (id, koapSt, koapText, fineDate, sum, billId, hasDiscount, hasPhoto, divId, discountSum, discountUntil, car_id, parseDate) VALUES (126, '', 'Превышение скорости на 20 - 40 км/ч

Место нарушения:
МОСКВА Г. МКАД,101 КМ 775М, П-ОПОРА, ВНУТРЕННЯЯ СТОРОНА

Марка авто нарушителя:
РЕНО ЛОГАН

', '2018-10-12', 500, '18810177181012197428', 0, 1, '1145000', 0, '0000-00-00', 7, '2019-03-05 12:19:41');
INSERT INTO shtrafy.fines (id, koapSt, koapText, fineDate, sum, billId, hasDiscount, hasPhoto, divId, discountSum, discountUntil, car_id, parseDate) VALUES (127, '', 'Превышение скорости на 20 - 40 км/ч

Место нарушения:
МОСКВА Г. КИЕВСКОЕ Ш., ПЕШ. ПЕРЕХОД, ОСТ. "АНИНО", В ЦЕНТР 32 КМ.

Марка авто нарушителя:
РЕНО ЛОГАН

', '2018-10-11', 500, '18810177181042069002', 0, 1, '1145000', 0, '0000-00-00', 7, '2019-03-05 12:19:42');
INSERT INTO shtrafy.fines (id, koapSt, koapText, fineDate, sum, billId, hasDiscount, hasPhoto, divId, discountSum, discountUntil, car_id, parseDate) VALUES (128, '', 'Несоблюдение требований, предписанных дорожными знаками или разметкой

Место нарушения:
МОСКВА Г. АЛАБЯНА Д.15

Марка авто нарушителя:
РЕНО ЛОГАН

', '2018-02-14', 500, '18810177180214471457', 0, 1, '1145000', 0, '0000-00-00', 7, '2019-03-05 12:19:42');
INSERT INTO shtrafy.fines (id, koapSt, koapText, fineDate, sum, billId, hasDiscount, hasPhoto, divId, discountSum, discountUntil, car_id, parseDate) VALUES (129, '', 'Превышение скорости на 20 - 40 км/ч

Место нарушения:
МОСКОВСКАЯ ОБЛ.   А Д <АЧКАСОВО-ГОРОДИЩЕ-КОСЯКОВО-ГЛИНЬКОВО>, 12КМ 800М, Н.П. КОНСТАНТИНОВО,

Марка авто нарушителя:
РЕНО  ЛОГАН

Подразделение ГИБДД:

Центр автоматизированной фиксации административных правонарушений в области дорожного движения ГИБДД ГУ МВД России по Московской области
(Московская обл, г Звенигород, мкр Супонево, д 3)

', '2018-11-26', 500, '18810150181126327653', 0, 1, '1146511', 0, '0000-00-00', 8, '2019-03-05 12:20:02');
INSERT INTO shtrafy.fines (id, koapSt, koapText, fineDate, sum, billId, hasDiscount, hasPhoto, divId, discountSum, discountUntil, car_id, parseDate) VALUES (130, '', 'Превышение скорости на 20 - 40 км/ч

Место нарушения:
МОСКОВСКАЯ ОБЛ.   А Д <СОЛНЕЧНОГОРСК-СПАСС-БРЕХОВО-ЗЕЛЕНОГРАД>, 1КМ 670М, К ПЯТНИЦКОМУ ШОССЕ

Марка авто нарушителя:
ХЕНДЭ  СОЛЯРИС

Подразделение ГИБДД:

Центр автоматизированной фиксации административных правонарушений в области дорожного движения ГИБДД ГУ МВД России по Московской области
(Московская обл, г Звенигород, мкр Супонево, д 3)

', '2019-02-25', 500, '18810150190225429797', 1, 1, '1146511', 250, '2019-03-18', 9, '2019-03-05 12:20:23');
INSERT INTO shtrafy.fines (id, koapSt, koapText, fineDate, sum, billId, hasDiscount, hasPhoto, divId, discountSum, discountUntil, car_id, parseDate) VALUES (131, '', 'Превышение скорости на 20 - 40 км/ч

Место нарушения:
МОСКОВСКАЯ ОБЛ.   60 КМ   500 М, А Д М-10 <<РОССИЯ>>, Н.П. ДУБИНИНО

Марка авто нарушителя:
ХЕНДЭ  СОЛЯРИС

Подразделение ГИБДД:

Центр автоматизированной фиксации административных правонарушений в области дорожного движения ГИБДД ГУ МВД России по Московской области
(Московская обл, г Звенигород, мкр Супонево, д 3)

', '2019-02-22', 500, '18810150190222129822', 1, 1, '1146511', 250, '2019-03-14', 9, '2019-03-05 12:20:23');
INSERT INTO shtrafy.fines (id, koapSt, koapText, fineDate, sum, billId, hasDiscount, hasPhoto, divId, discountSum, discountUntil, car_id, parseDate) VALUES (132, '', 'Превышение скорости на 20 - 40 км/ч

Место нарушения:
МОСКОВСКАЯ ОБЛ.   А Д М-10  РОССИЯ , 41КМ 490М, В МОСКВУ

Марка авто нарушителя:
ХЕНДЭ  СОЛЯРИС

Подразделение ГИБДД:

Центр автоматизированной фиксации административных правонарушений в области дорожного движения ГИБДД ГУ МВД России по Московской области
(Московская обл, г Звенигород, мкр Супонево, д 3)

', '2019-02-21', 500, '18810150190221128814', 1, 1, '1146511', 250, '2019-03-13', 9, '2019-03-05 12:20:23');
INSERT INTO shtrafy.fines (id, koapSt, koapText, fineDate, sum, billId, hasDiscount, hasPhoto, divId, discountSum, discountUntil, car_id, parseDate) VALUES (133, '', 'Несоблюдение требований, предписанных дорожными знаками или разметкой

Место нарушения:
МОСКВА Г.   ЛЮБЛИНСКАЯ Д.157

Марка авто нарушителя:
ХЕНДЭ  СОЛЯРИС

', '2018-12-29', 500, '18810177181229280483', 0, 1, '1145000', 0, '0000-00-00', 9, '2019-03-05 12:20:23');
INSERT INTO shtrafy.fines (id, koapSt, koapText, fineDate, sum, billId, hasDiscount, hasPhoto, divId, discountSum, discountUntil, car_id, parseDate) VALUES (134, '', 'Превышение скорости на 20 - 40 км/ч

Место нарушения:
ТУЛЬСКАЯ ОБЛАСТЬ, А Д М-4 ДОН 286КМ, 727М

Марка авто нарушителя:
ХЕНДЭ  СОЛЯРИС

Подразделение ГИБДД:

Центр автоматизированной фиксации административных правонарушений в области дорожного движения ГИБДД УМВД Росси по Тульской области
(Тульская обл, г Тула, ул Советская, д 110)

', '2018-12-03', 500, '18810171181203012380', 0, 1, '1170037', 0, '0000-00-00', 9, '2019-03-05 12:20:24');
INSERT INTO shtrafy.fines (id, koapSt, koapText, fineDate, sum, billId, hasDiscount, hasPhoto, divId, discountSum, discountUntil, car_id, parseDate) VALUES (135, '', 'Невыполнение требования уступить дорогу пешеходам или велосипедистам

Место нарушения:
МОСКВА Г. ЛЕНИНСКИЙ ПРОСП. Д.78

Марка авто нарушителя:
ХЕНДЭ СОЛЯРИС

Подразделение ГИБДД:

3 Специализированный батальон ДПС ГИБДД на спецтрассе ГУ МВД России по г.Москве
(г Москва, ул Косыгина, д 18)

', '2018-11-27', 1500, '18810277185030298744', 0, 0, '1145503', 0, '0000-00-00', 9, '2019-03-05 12:20:24');
INSERT INTO shtrafy.fines (id, koapSt, koapText, fineDate, sum, billId, hasDiscount, hasPhoto, divId, discountSum, discountUntil, car_id, parseDate) VALUES (136, '', 'Превышение скорости на 20 - 40 км/ч

Место нарушения:
ТУЛЬСКАЯ ОБЛАСТЬ, А Д М-4 ДОН 220КМ, 860М

Марка авто нарушителя:
ХЕНДЭ  СОЛЯРИС

Подразделение ГИБДД:

Центр автоматизированной фиксации административных правонарушений в области дорожного движения ГИБДД УМВД Росси по Тульской области
(Тульская обл, г Тула, ул Советская, д 110)

', '2018-11-26', 500, '18810171181126800197', 0, 1, '1170037', 0, '0000-00-00', 9, '2019-03-05 12:20:24');
INSERT INTO shtrafy.fines (id, koapSt, koapText, fineDate, sum, billId, hasDiscount, hasPhoto, divId, discountSum, discountUntil, car_id, parseDate) VALUES (137, '', 'Превышение скорости на 20 - 40 км/ч

Место нарушения:
МОСКОВСКАЯ ОБЛ.   А Д  ПЯТНИЦКОЕ ШОССЕ , 51КМ 520М, ИЗ МОСКВЫ

Марка авто нарушителя:
ХЕНДЭ  СОЛЯРИС

Подразделение ГИБДД:

Центр автоматизированной фиксации административных правонарушений в области дорожного движения ГИБДД ГУ МВД России по Московской области
(Московская обл, г Звенигород, мкр Супонево, д 3)

', '2018-11-10', 500, '18810150181110039203', 0, 1, '1146511', 0, '0000-00-00', 9, '2019-03-05 12:20:24');
INSERT INTO shtrafy.fines (id, koapSt, koapText, fineDate, sum, billId, hasDiscount, hasPhoto, divId, discountSum, discountUntil, car_id, parseDate) VALUES (138, '', 'Нарушение правил расположения транспортного средства

Место нарушения:
МОСКВА Г. МКАД, 67 КМ 460 М, Г-ОПОРА, ВНЕШНЯЯ СТОРОНА

Марка авто нарушителя:
ХЕНДЭ СОЛЯРИС

', '2018-11-10', 1500, '18810177181110431883', 0, 1, '1145000', 0, '0000-00-00', 9, '2019-03-05 12:20:24');
INSERT INTO shtrafy.fines (id, koapSt, koapText, fineDate, sum, billId, hasDiscount, hasPhoto, divId, discountSum, discountUntil, car_id, parseDate) VALUES (139, '', 'Превышение скорости на 20 - 40 км/ч

Место нарушения:
131КМ 30М АД М10 РОССИЯ, ТВЕРСКАЯ ОБЛАСТЬ, КОНАКОВСКИЙ Р-Н, НП НОВОМЕЛКОВО

Марка авто нарушителя:
ХЕНДЭ  СОЛЯРИС

Подразделение ГИБДД:

Центр автоматизированной фиксации административных правонарушений ГИБДД УМВД России по Тверской области
(Тверская обл, г Тверь, пр-кт Победы, д 53)

', '2018-11-07', 500, '18810169181107023220', 0, 1, '1128075', 0, '0000-00-00', 9, '2019-03-05 12:20:24');
INSERT INTO shtrafy.fines (id, koapSt, koapText, fineDate, sum, billId, hasDiscount, hasPhoto, divId, discountSum, discountUntil, car_id, parseDate) VALUES (140, '', 'Повторное превышение скорости на 40 - 60 км/ч

Место нарушения:
ВОРОНЕЖСКАЯ ОБЛ РАМОНСКИЙ РАЙОН 482КМ 900М АД М4 ДОН

Марка авто нарушителя:
ХЕНДЭ  СОЛЯРИС

Подразделение ГИБДД:

Центр автоматической фиксации административных правонарушений ГИБДД ГУ МВД России по Воронежской области
(Воронежская обл, г Воронеж, Монтажный проезд, д 3Б)

', '2018-10-27', 2000, '18810136181027053009', 0, 1, '1120951', 0, '0000-00-00', 9, '2019-03-05 12:20:25');
INSERT INTO shtrafy.fines (id, koapSt, koapText, fineDate, sum, billId, hasDiscount, hasPhoto, divId, discountSum, discountUntil, car_id, parseDate) VALUES (141, '', 'Превышение скорости на 20 - 40 км/ч

Место нарушения:
МОСКВА Г. КИЕВСКИЙ РП КИЕВСКОЕ Ш., 62КМ 930М, МГОN017, ИЗ ОБЛАСТИ

Марка авто нарушителя:
ХЕНДЭ СОЛЯРИС

', '2018-10-24', 500, '18810177181024633066', 0, 1, '1145000', 0, '0000-00-00', 9, '2019-03-05 12:20:25');
INSERT INTO shtrafy.fines (id, koapSt, koapText, fineDate, sum, billId, hasDiscount, hasPhoto, divId, discountSum, discountUntil, car_id, parseDate) VALUES (142, '', 'Превышение скорости на 20 - 40 км/ч

Место нарушения:
МОСКОВСКАЯ ОБЛ.   А Д М-10  РОССИЯ , 32КМ 080М, Н.П. ЧЕРНАЯ ГРЯЗЬ, ИЗ МОСКВЫ

Марка авто нарушителя:
ХЕНДЭ  СОЛЯРИС

Подразделение ГИБДД:

Центр автоматизированной фиксации административных правонарушений в области дорожного движения ГИБДД ГУ МВД России по Московской области
(Московская обл, г Звенигород, мкр Супонево, д 3)

', '2018-10-22', 500, '18810150181022044817', 0, 1, '1146511', 0, '0000-00-00', 9, '2019-03-05 12:20:25');
INSERT INTO shtrafy.fines (id, koapSt, koapText, fineDate, sum, billId, hasDiscount, hasPhoto, divId, discountSum, discountUntil, car_id, parseDate) VALUES (143, '', 'Превышение скорости на 20 - 40 км/ч

Место нарушения:
МОСКВА Г. ЗЕЛЕНОГРАД Г. СОСНОВАЯ АЛЛЕЯ Д.1

Марка авто нарушителя:
ХЕНДЭ СОЛЯРИС

', '2018-10-22', 500, '18810177181053392659', 0, 1, '1145000', 0, '0000-00-00', 9, '2019-03-05 12:20:25');
INSERT INTO shtrafy.fines (id, koapSt, koapText, fineDate, sum, billId, hasDiscount, hasPhoto, divId, discountSum, discountUntil, car_id, parseDate) VALUES (144, '', 'Превышение скорости на 20 - 40 км/ч

Место нарушения:
МОСКВА Г. ЗЕЛЕНОГРАД Г. САВЕЛКИНСКИЙ ПРОЕЗД Д.6

Марка авто нарушителя:
ХЕНДЭ СОЛЯРИС

', '2018-10-22', 500, '18810177181053116759', 0, 1, '1145000', 0, '0000-00-00', 9, '2019-03-05 12:20:25');
INSERT INTO shtrafy.fines (id, koapSt, koapText, fineDate, sum, billId, hasDiscount, hasPhoto, divId, discountSum, discountUntil, car_id, parseDate) VALUES (145, '', 'Превышение скорости на 20 - 40 км/ч

Место нарушения:
МОСКВА Г. ТТК, ВНУТРЕННЕЕ КОЛЬЦО, СПАРТАКОВСКАЯ ПЛ., Д.1615, СТР.17

Марка авто нарушителя:
ХЕНДЭ СОЛЯРИС

', '2018-10-17', 500, '18810177181017066879', 0, 1, '1145000', 0, '0000-00-00', 9, '2019-03-05 12:20:26');
INSERT INTO shtrafy.fines (id, koapSt, koapText, fineDate, sum, billId, hasDiscount, hasPhoto, divId, discountSum, discountUntil, car_id, parseDate) VALUES (146, '', 'Превышение скорости на 20 - 40 км/ч

Место нарушения:
МОСКВА Г. ЗЕЛЕНОГРАД Г. ПАНФИЛОВСКИЙ ПРОСП.

Марка авто нарушителя:
ХЕНДЭ СОЛЯРИС

', '2018-10-10', 500, '18810177181010426081', 0, 1, '1145000', 0, '0000-00-00', 9, '2019-03-05 12:20:26');
INSERT INTO shtrafy.fines (id, koapSt, koapText, fineDate, sum, billId, hasDiscount, hasPhoto, divId, discountSum, discountUntil, car_id, parseDate) VALUES (147, '', 'Превышение скорости на 20 - 40 км/ч

Место нарушения:
МОСКОВСКАЯ ОБЛ.   А Д М-2 <КРЫМ>, 30КМ 985М, В МОСКВУ

Марка авто нарушителя:
ХЕНДЭ  СОЛЯРИС

Подразделение ГИБДД:

Центр автоматизированной фиксации административных правонарушений в области дорожного движения ГИБДД ГУ МВД России по Московской области
(Московская обл, г Звенигород, мкр Супонево, д 3)

', '2018-10-02', 500, '18810150181002218399', 0, 1, '1146511', 0, '0000-00-00', 9, '2019-03-05 12:20:26');
INSERT INTO shtrafy.fines (id, koapSt, koapText, fineDate, sum, billId, hasDiscount, hasPhoto, divId, discountSum, discountUntil, car_id, parseDate) VALUES (148, '', 'Превышение скорости на 20 - 40 км/ч

Место нарушения:
МОСКВА Г. ВОЛОКОЛАМСКОЕ Ш. Д.7

Марка авто нарушителя:
ХЕНДЭ СОЛЯРИС

', '2018-09-27', 500, '18810177180927485934', 0, 1, '1145000', 0, '0000-00-00', 9, '2019-03-05 12:20:27');
INSERT INTO shtrafy.fines (id, koapSt, koapText, fineDate, sum, billId, hasDiscount, hasPhoto, divId, discountSum, discountUntil, car_id, parseDate) VALUES (149, '', 'Превышение скорости на 20 - 40 км/ч

Место нарушения:
МОСКВА Г. СЕВЕРО-ВОСТОЧНАЯ ХОРДА, НАПРОТИВ Д.33А, С.3 ПО ЗЕЛЕНОГРАДСКОЙ УЛ.

Марка авто нарушителя:
ХЕНДЭ СОЛЯРИС

', '2018-09-21', 500, '18810177180921717213', 0, 1, '1145000', 0, '0000-00-00', 9, '2019-03-05 12:20:27');
INSERT INTO shtrafy.fines (id, koapSt, koapText, fineDate, sum, billId, hasDiscount, hasPhoto, divId, discountSum, discountUntil, car_id, parseDate) VALUES (150, '', 'Превышение скорости на 20 - 40 км/ч

Место нарушения:
МОСКВА Г. КИЕВСКИЙ РП КИЕВСКОЕ Ш., 62КМ 930М, МГОN017, ИЗ ОБЛАСТИ

Марка авто нарушителя:
ХЕНДЭ СОЛЯРИС

', '2018-09-15', 500, '18810177180915976849', 0, 1, '1145000', 0, '0000-00-00', 9, '2019-03-05 12:20:27');
INSERT INTO shtrafy.fines (id, koapSt, koapText, fineDate, sum, billId, hasDiscount, hasPhoto, divId, discountSum, discountUntil, car_id, parseDate) VALUES (151, '', 'Превышение скорости на 20 - 40 км/ч

Место нарушения:
МОСКОВСКАЯ ОБЛ.   А Д А-108  МОСКОВСКОЕ БОЛЬШОЕ КОЛЬЦО , 502КМ 840М, Н.П. НОВОПЕТРОВСКОЕ, ВНУ

Марка авто нарушителя:
ХЕНДЭ  СОЛЯРИС

Подразделение ГИБДД:

Центр автоматизированной фиксации административных правонарушений в области дорожного движения ГИБДД ГУ МВД России по Московской области
(Московская обл, г Звенигород, мкр Супонево, д 3)

', '2018-09-15', 500, '18810150180915023694', 0, 1, '1146511', 0, '0000-00-00', 9, '2019-03-05 12:20:27');
INSERT INTO shtrafy.fines (id, koapSt, koapText, fineDate, sum, billId, hasDiscount, hasPhoto, divId, discountSum, discountUntil, car_id, parseDate) VALUES (152, '', 'Превышение скорости на 20 - 40 км/ч

Место нарушения:
МОСКОВСКАЯ ОБЛ.   А Д  М-10 РОССИЯ -СОЛНЕЧНОГОРСК-СПАСС , 47КМ 350М, Н.П. БЛАГОВЕЩЕНКА, В МОС

Марка авто нарушителя:
ХЕНДЭ  СОЛЯРИС

Подразделение ГИБДД:

Центр автоматизированной фиксации административных правонарушений в области дорожного движения ГИБДД ГУ МВД России по Московской области
(Московская обл, г Звенигород, мкр Супонево, д 3)

', '2018-08-28', 500, '18810150180828527635', 0, 1, '1146511', 0, '0000-00-00', 9, '2019-03-05 12:20:28');
INSERT INTO shtrafy.fines (id, koapSt, koapText, fineDate, sum, billId, hasDiscount, hasPhoto, divId, discountSum, discountUntil, car_id, parseDate) VALUES (153, '', 'Превышение скорости на 20 - 40 км/ч

Место нарушения:
МОСКВА Г. НОВОРЯЗАНСКОЕ Ш.

Марка авто нарушителя:
ХЕНДЭ ЭЛАНТРА 1.6 GLS

', '2018-11-26', 500, '18810177181126032436', 0, 1, '1145000', 0, '0000-00-00', 10, '2019-03-05 12:21:08');
INSERT INTO shtrafy.fines (id, koapSt, koapText, fineDate, sum, billId, hasDiscount, hasPhoto, divId, discountSum, discountUntil, car_id, parseDate) VALUES (154, '', 'Превышение скорости на 20 - 40 км/ч

Место нарушения:
МОСКОВСКАЯ ОБЛ.   А Д М-5 <УРАЛ>, 41КМ 928М, В МОСКВУ

Марка авто нарушителя:
ХЕНДЭ  ЭЛАНТРА 1.6 GLS

Подразделение ГИБДД:

Центр автоматизированной фиксации административных правонарушений в области дорожного движения ГИБДД ГУ МВД России по Московской области
(Московская обл, г Звенигород, мкр Супонево, д 3)

', '2018-11-22', 500, '18810150181122554868', 0, 1, '1146511', 0, '0000-00-00', 10, '2019-03-05 12:21:09');
INSERT INTO shtrafy.fines (id, koapSt, koapText, fineDate, sum, billId, hasDiscount, hasPhoto, divId, discountSum, discountUntil, car_id, parseDate) VALUES (155, '', 'Превышение скорости на 20 - 40 км/ч

Место нарушения:
МОСКОВСКАЯ ОБЛ.   А Д М-5 <УРАЛ>, 39КМ 551М, В МОСКВУ

Марка авто нарушителя:
ХЕНДЭ  ЭЛАНТРА 1.6 GLS

Подразделение ГИБДД:

Центр автоматизированной фиксации административных правонарушений в области дорожного движения ГИБДД ГУ МВД России по Московской области
(Московская обл, г Звенигород, мкр Супонево, д 3)

', '2018-11-22', 500, '18810150181122553985', 0, 1, '1146511', 0, '0000-00-00', 10, '2019-03-05 12:21:09');
INSERT INTO shtrafy.fines (id, koapSt, koapText, fineDate, sum, billId, hasDiscount, hasPhoto, divId, discountSum, discountUntil, car_id, parseDate) VALUES (156, '', 'Несоблюдение требований, предписанных дорожными знаками или разметкой

Место нарушения:
МОСКВА Г. МКАД, 25-Й КМ, ВНУТРЕННЯЯ СТОРОНА, СЪЕЗД С КАШИРСКОГО Ш.

Марка авто нарушителя:
ХЕНДЭ ЭЛАНТРА 1.6 GLS

', '2018-11-17', 500, '18810177181117107623', 0, 1, '1145000', 0, '0000-00-00', 10, '2019-03-05 12:21:09');
INSERT INTO shtrafy.fines (id, koapSt, koapText, fineDate, sum, billId, hasDiscount, hasPhoto, divId, discountSum, discountUntil, car_id, parseDate) VALUES (157, '', 'Превышение скорости на 20 - 40 км/ч

Место нарушения:
МОСКОВСКАЯ ОБЛ.   А Д <ПИКИНО-ПОЯРКОВО-МЫШЕЦКОЕ>, 6КМ 430М, Н.П. МЫШЕЦКОЕ, В РЫБАКИ

Марка авто нарушителя:
ХЕНДЭ  ЭЛАНТРА 1.6 GLS

Подразделение ГИБДД:

Центр автоматизированной фиксации административных правонарушений в области дорожного движения ГИБДД ГУ МВД России по Московской области
(Московская обл, г Звенигород, мкр Супонево, д 3)

', '2018-11-06', 500, '18810150181106332767', 0, 1, '1146511', 0, '0000-00-00', 10, '2019-03-05 12:21:09');
INSERT INTO shtrafy.fines (id, koapSt, koapText, fineDate, sum, billId, hasDiscount, hasPhoto, divId, discountSum, discountUntil, car_id, parseDate) VALUES (158, '', 'Превышение скорости на 20 - 40 км/ч

Место нарушения:
А Д  ПЯТНИЦКОЕ ШОССЕ , 55КМ 100М, Н.П. ОТРАДНОЕ, В МОСКВУ

Марка авто нарушителя:
ХЕНДЭ  ЭЛАНТРА 1.6 GLS

Подразделение ГИБДД:

Центр автоматизированной фиксации административных правонарушений в области дорожного движения ГИБДД ГУ МВД России по Московской области
(Московская обл, г Звенигород, мкр Супонево, д 3)

', '2018-10-23', 500, '18810150181023582642', 0, 1, '1146511', 0, '0000-00-00', 10, '2019-03-05 12:21:10');
INSERT INTO shtrafy.fines (id, koapSt, koapText, fineDate, sum, billId, hasDiscount, hasPhoto, divId, discountSum, discountUntil, car_id, parseDate) VALUES (159, '', 'Превышение скорости на 20 - 40 км/ч

Место нарушения:
М-4 А Д ДОН, КАШИРСКОЕ Ш. 32 КМ 235 М, В МОСКВУ

Марка авто нарушителя:
ХЕНДЭ  ЭЛАНТРА 1.6 GLS

Подразделение ГИБДД:

Центр автоматизированной фиксации административных правонарушений в области дорожного движения ГИБДД ГУ МВД России по Московской области
(Московская обл, г Звенигород, мкр Супонево, д 3)

', '2018-10-22', 500, '18810150181022436162', 0, 1, '1146511', 0, '0000-00-00', 10, '2019-03-05 12:21:10');
INSERT INTO shtrafy.fines (id, koapSt, koapText, fineDate, sum, billId, hasDiscount, hasPhoto, divId, discountSum, discountUntil, car_id, parseDate) VALUES (160, '', 'Повторное превышение скорости на 40 - 60 км/ч

Место нарушения:
А Д  ПЯТНИЦКОЕ ШОССЕ , 55КМ 100М, Н.П. ОТРАДНОЕ, В МОСКВУ

Марка авто нарушителя:
ХЕНДЭ  ЭЛАНТРА 1.6 GLS

Подразделение ГИБДД:

Центр автоматизированной фиксации административных правонарушений в области дорожного движения ГИБДД ГУ МВД России по Московской области
(Московская обл, г Звенигород, мкр Супонево, д 3)

', '2018-10-21', 2000, '18810150181021027552', 0, 1, '1146511', 0, '0000-00-00', 10, '2019-03-05 12:21:10');
INSERT INTO shtrafy.fines (id, koapSt, koapText, fineDate, sum, billId, hasDiscount, hasPhoto, divId, discountSum, discountUntil, car_id, parseDate) VALUES (161, '', 'Повторное превышение скорости на 40 - 60 км/ч

Место нарушения:
МОСКВА Г. МКАД,100КМ 400М, ВНЕШНЯЯ СТОРОНА

Марка авто нарушителя:
ХЕНДЭ ЭЛАНТРА 1.6 GLS

', '2018-10-19', 2000, '18810177181050044862', 0, 1, '1145000', 0, '0000-00-00', 10, '2019-03-05 12:21:11');
INSERT INTO shtrafy.fines (id, koapSt, koapText, fineDate, sum, billId, hasDiscount, hasPhoto, divId, discountSum, discountUntil, car_id, parseDate) VALUES (162, '', 'Повторное превышение скорости на 40 - 60 км/ч

Место нарушения:
МОСКВА Г. МКАД 61КМ 170М, ВНЕШНЯЯ СТОРОНА, П-ОПОРА

Марка авто нарушителя:
ХЕНДЭ ЭЛАНТРА 1.6 GLS

', '2018-10-18', 2000, '18810177181018729081', 0, 1, '1145000', 0, '0000-00-00', 10, '2019-03-05 12:21:11');
INSERT INTO shtrafy.fines (id, koapSt, koapText, fineDate, sum, billId, hasDiscount, hasPhoto, divId, discountSum, discountUntil, car_id, parseDate) VALUES (163, '', 'Превышение скорости на 20 - 40 км/ч

Место нарушения:
МОСКОВСКАЯ ОБЛ.   Г. РЕУТОВ, УЛ. ОКТЯБРЯ, Д.8, К УЛ. МОЛОДЕЖНАЯ

Марка авто нарушителя:
ХЕНДЭ  ЭЛАНТРА 1.6 GLS

Подразделение ГИБДД:

Центр автоматизированной фиксации административных правонарушений в области дорожного движения ГИБДД ГУ МВД России по Московской области
(Московская обл, г Звенигород, мкр Супонево, д 3)

', '2018-10-02', 500, '18810150181002581698', 0, 1, '1146511', 0, '0000-00-00', 10, '2019-03-05 12:21:11');
INSERT INTO shtrafy.fines (id, koapSt, koapText, fineDate, sum, billId, hasDiscount, hasPhoto, divId, discountSum, discountUntil, car_id, parseDate) VALUES (164, '', 'Превышение скорости на 20 - 40 км/ч

Место нарушения:
МОСКОВСКАЯ ОБЛ.   А Д М-7 <ВОЛГА>, 16КМ 765М, Н.П. БАЛАШИХА, В МОСКВУ

Марка авто нарушителя:
ХЕНДЭ  ЭЛАНТРА 1.6 GLS

Подразделение ГИБДД:

Центр автоматизированной фиксации административных правонарушений в области дорожного движения ГИБДД ГУ МВД России по Московской области
(Московская обл, г Звенигород, мкр Супонево, д 3)

', '2018-10-02', 500, '18810150181002610370', 0, 1, '1146511', 0, '0000-00-00', 10, '2019-03-05 12:21:12');
INSERT INTO shtrafy.fines (id, koapSt, koapText, fineDate, sum, billId, hasDiscount, hasPhoto, divId, discountSum, discountUntil, car_id, parseDate) VALUES (165, '', 'Несоблюдение требований, предписанных дорожными знаками или разметкой

Место нарушения:
МОСКВА Г. ВАРШАВСКОЕ Ш. Д.170Ж

Марка авто нарушителя:
ХЕНДЭ ЭЛАНТРА 1.6 GLS

', '2018-09-30', 500, '18810177180930957760', 0, 1, '1145000', 0, '0000-00-00', 10, '2019-03-05 12:21:12');
INSERT INTO shtrafy.fines (id, koapSt, koapText, fineDate, sum, billId, hasDiscount, hasPhoto, divId, discountSum, discountUntil, car_id, parseDate) VALUES (166, '', '8.14.2 	Неуплата за размещение транспортного средства на платной городской парковке

', '2018-09-29', 2500, '0355431010118092900046440', 0, 1, '0', 0, '0000-00-00', 10, '2019-03-05 12:21:13');
INSERT INTO shtrafy.fines (id, koapSt, koapText, fineDate, sum, billId, hasDiscount, hasPhoto, divId, discountSum, discountUntil, car_id, parseDate) VALUES (167, '', 'Нарушение правил расположения транспортного средства

Место нарушения:
МОСКВА Г. МКАД, 26 КМ 600М, П-ОПОРА, ВНУТРЕННЯЯ СТОРОНА

Марка авто нарушителя:
ХЕНДЭ ЭЛАНТРА 1.6 GLS

', '2018-09-27', 1500, '18810177180927990531', 0, 1, '1145000', 0, '0000-00-00', 10, '2019-03-05 12:21:13');
INSERT INTO shtrafy.fines (id, koapSt, koapText, fineDate, sum, billId, hasDiscount, hasPhoto, divId, discountSum, discountUntil, car_id, parseDate) VALUES (168, '', 'Превышение скорости на 20 - 40 км/ч

Место нарушения:
ВОЛОГДА ЧЕРНЫШЕВСКОГО 135

Марка авто нарушителя:
ГАЗ  32213

Подразделение ГИБДД:

Центр автоматизированной фиксации административных правонарушений в области дорожного движения ГИБДД УМВД России по Вологодской области
(Вологодская обл, г Вологда, ул Саммера, д 6А)

', '2019-02-26', 500, '18810135190226843221', 1, 1, '1119040', 250, '2019-03-18', 11, '2019-03-05 12:21:23');
INSERT INTO shtrafy.fines (id, koapSt, koapText, fineDate, sum, billId, hasDiscount, hasPhoto, divId, discountSum, discountUntil, car_id, parseDate) VALUES (169, '', 'Несоблюдение требований, предписанных дорожными знаками или разметкой

Место нарушения:
МОСКВА Г.   ПЯТНИЦКОЕ Ш. Д.8

Марка авто нарушителя:
ГАЗ  32213

', '2019-01-09', 500, '18810177190109247460', 0, 1, '1145000', 0, '0000-00-00', 11, '2019-03-05 12:21:23');
INSERT INTO shtrafy.fines (id, koapSt, koapText, fineDate, sum, billId, hasDiscount, hasPhoto, divId, discountSum, discountUntil, car_id, parseDate) VALUES (170, '', 'Нарушение правил расположения транспортного средства

Место нарушения:
МОСКВА Г. МКАД, 72 КМ 650 М, Г-ОПОРА, ВНУТРЕННЯЯ СТОРОНА

Марка авто нарушителя:
ГАЗ 32213

', '2018-10-15', 1500, '18810177181046136200', 0, 1, '1145000', 0, '0000-00-00', 11, '2019-03-05 12:21:24');
INSERT INTO shtrafy.fines (id, koapSt, koapText, fineDate, sum, billId, hasDiscount, hasPhoto, divId, discountSum, discountUntil, car_id, parseDate) VALUES (171, '', 'Несоблюдение требований, предписанных дорожными знаками или разметкой

Место нарушения:
МОСКВА Г.   ПУТИЛКОВСКОЕ Ш.

Марка авто нарушителя:
НИССАН  АЛЬМЕРА КЛАССИК 1.6 РЕ

', '2019-02-18', 500, '18810177190218188988', 1, 1, '1145000', 250, '2019-03-11', 12, '2019-03-05 12:21:44');
INSERT INTO shtrafy.fines (id, koapSt, koapText, fineDate, sum, billId, hasDiscount, hasPhoto, divId, discountSum, discountUntil, car_id, parseDate) VALUES (172, '', 'Превышение скорости на 20 - 40 км/ч

Место нарушения:
МОСКОВСКАЯ ОБЛ.   А Д Р-22 <КАСПИЙ>, 171КМ 780М., ИЗ МОСКВЫ

Марка авто нарушителя:
НИССАН  АЛЬМЕРА КЛАССИК 1.6 РЕ

Подразделение ГИБДД:

Центр автоматизированной фиксации административных правонарушений в области дорожного движения ГИБДД ГУ МВД России по Московской области
(Московская обл, г Звенигород, мкр Супонево, д 3)

', '2018-12-03', 500, '18810150181203211774', 0, 1, '1146511', 0, '0000-00-00', 12, '2019-03-05 12:21:44');
INSERT INTO shtrafy.fines (id, koapSt, koapText, fineDate, sum, billId, hasDiscount, hasPhoto, divId, discountSum, discountUntil, car_id, parseDate) VALUES (173, '', 'Повторное нарушение запрета на движение по полосе для маршрутных ТС

Место нарушения:
МОСКВА Г. ДМИТРОВСКОЕ Ш. Д.1 К.1

Марка авто нарушителя:
НИССАН АЛЬМЕРА КЛАССИК 1.6 РЕ

', '2018-12-03', 3000, '18810177181203018862', 0, 1, '1145000', 0, '0000-00-00', 12, '2019-03-05 12:21:45');
INSERT INTO shtrafy.fines (id, koapSt, koapText, fineDate, sum, billId, hasDiscount, hasPhoto, divId, discountSum, discountUntil, car_id, parseDate) VALUES (174, '', 'Превышение скорости на 20 - 40 км/ч

Место нарушения:
А Д  ОБХОД АВИАЦИОННЫЙ , 02КМ 200М, ИЗ МОСКВЫ

Марка авто нарушителя:
НИССАН  АЛЬМЕРА КЛАССИК 1.6 РЕ

Подразделение ГИБДД:

Центр автоматизированной фиксации административных правонарушений в области дорожного движения ГИБДД ГУ МВД России по Московской области
(Московская обл, г Звенигород, мкр Супонево, д 3)

', '2018-09-27', 500, '18810150180927349719', 0, 1, '1146511', 0, '0000-00-00', 12, '2019-03-05 12:21:45');
INSERT INTO shtrafy.fines (id, koapSt, koapText, fineDate, sum, billId, hasDiscount, hasPhoto, divId, discountSum, discountUntil, car_id, parseDate) VALUES (175, '', 'Превышение скорости на 20 - 40 км/ч

Место нарушения:
МОСКВА Г.   ВАРШАВСКОЕ Ш. Д.206

Марка авто нарушителя:
РЕНО SR

', '2019-02-13', 500, '18810177190213075514', 1, 1, '1145000', 250, '2019-03-05', 13, '2019-03-05 12:21:55');
INSERT INTO shtrafy.fines (id, koapSt, koapText, fineDate, sum, billId, hasDiscount, hasPhoto, divId, discountSum, discountUntil, car_id, parseDate) VALUES (176, '', 'Превышение скорости на 20 - 40 км/ч

Место нарушения:
МОСКВА Г.   ПОДОЛЬСКИХ КУРСАНТОВ

Марка авто нарушителя:
РЕНО SR

', '2019-02-06', 500, '18810177190206082330', 0, 1, '1145000', 0, '0000-00-00', 13, '2019-03-05 12:21:56');
INSERT INTO shtrafy.fines (id, koapSt, koapText, fineDate, sum, billId, hasDiscount, hasPhoto, divId, discountSum, discountUntil, car_id, parseDate) VALUES (177, '', 'Повторное нарушение запрета на движение по полосе для маршрутных ТС

Место нарушения:
МОСКВА Г.   МИРА ПРОСП. Д.209

Марка авто нарушителя:
РЕНО SR

', '2019-02-02', 3000, '18810177190202336397', 0, 1, '1145000', 0, '0000-00-00', 13, '2019-03-05 12:21:56');
INSERT INTO shtrafy.fines (id, koapSt, koapText, fineDate, sum, billId, hasDiscount, hasPhoto, divId, discountSum, discountUntil, car_id, parseDate) VALUES (178, '', 'Повторное нарушение запрета на движение по полосе для маршрутных ТС

Место нарушения:
МОСКВА Г.   МИРА ПРОСП. Д.3 К.1

Марка авто нарушителя:
РЕНО SR

', '2019-02-02', 3000, '18810177190202339493', 0, 1, '1145000', 0, '0000-00-00', 13, '2019-03-05 12:21:56');
INSERT INTO shtrafy.fines (id, koapSt, koapText, fineDate, sum, billId, hasDiscount, hasPhoto, divId, discountSum, discountUntil, car_id, parseDate) VALUES (179, '', 'Несоблюдение требований, предписанных дорожными знаками или разметкой

Место нарушения:
МОСКВА Г.   ФЕСТИВАЛЬНАЯ

Марка авто нарушителя:
РЕНО SR

', '2019-01-26', 500, '18810177190126016485', 0, 1, '1145000', 0, '0000-00-00', 13, '2019-03-05 12:21:56');
INSERT INTO shtrafy.fines (id, koapSt, koapText, fineDate, sum, billId, hasDiscount, hasPhoto, divId, discountSum, discountUntil, car_id, parseDate) VALUES (180, '', 'Превышение скорости на 20 - 40 км/ч

Место нарушения:
МОСКОВСКАЯ ОБЛ.   А Д <М-8 <ХОЛМОГОРЫ>-ИВАНТЕЕВКА-ЩЕЛКОВО>, 1КМ 870М, Н.П. ИВАНТЕЕВКА, К М-8

Марка авто нарушителя:
РЕНО SR

Подразделение ГИБДД:

Центр автоматизированной фиксации административных правонарушений в области дорожного движения ГИБДД ГУ МВД России по Московской области
(Московская обл, г Звенигород, мкр Супонево, д 3)

', '2018-12-24', 500, '18810150181224083708', 0, 1, '1146511', 0, '0000-00-00', 13, '2019-03-05 12:21:57');
INSERT INTO shtrafy.fines (id, koapSt, koapText, fineDate, sum, billId, hasDiscount, hasPhoto, divId, discountSum, discountUntil, car_id, parseDate) VALUES (181, '', 'Превышение скорости на 20 - 40 км/ч

Место нарушения:
МОСКВА Г. ПЕРЕЯСЛАВСКАЯ Б. Д.8А

Марка авто нарушителя:
РЕНО SR

', '2018-09-27', 500, '18810177180927983020', 0, 1, '1145000', 0, '0000-00-00', 13, '2019-03-05 12:21:57');
INSERT INTO shtrafy.fines (id, koapSt, koapText, fineDate, sum, billId, hasDiscount, hasPhoto, divId, discountSum, discountUntil, car_id, parseDate) VALUES (182, '', 'Несоблюдение требований, предписанных дорожными знаками или разметкой

Место нарушения:
МОСКВА Г. ВОЛОКОЛАМСКОЕ Ш.

Марка авто нарушителя:
РЕНО SR

', '2018-08-30', 500, '18810177180830509073', 0, 1, '1145000', 0, '0000-00-00', 13, '2019-03-05 12:21:57');
INSERT INTO shtrafy.fines (id, koapSt, koapText, fineDate, sum, billId, hasDiscount, hasPhoto, divId, discountSum, discountUntil, car_id, parseDate) VALUES (183, '', 'Несоблюдение требований, предписанных дорожными знаками или разметкой

Место нарушения:
МОСКВА Г.   МКАД, 65 КМ 500М, Г-ОПОРА, ВНУТРЕННЯЯ СТОРОНА

Марка авто нарушителя:
РЕНО SR

', '2019-02-21', 500, '18810177190221067525', 1, 1, '1145000', 250, '2019-03-13', 14, '2019-03-05 12:22:37');
INSERT INTO shtrafy.fines (id, koapSt, koapText, fineDate, sum, billId, hasDiscount, hasPhoto, divId, discountSum, discountUntil, car_id, parseDate) VALUES (184, '', '

', '2019-02-16', 3200, '0355431000000000025248850', 0, 1, '0', 0, '0000-00-00', 14, '2019-03-05 12:22:38');
INSERT INTO shtrafy.fines (id, koapSt, koapText, fineDate, sum, billId, hasDiscount, hasPhoto, divId, discountSum, discountUntil, car_id, parseDate) VALUES (185, '', 'Превышение скорости на 20 - 40 км/ч

Место нарушения:
МОСКОВСКАЯ ОБЛ.   29 КМ   500 М, А Д М-7 <<ВОЛГА>>, Н.П. БАЛАШИХА

Марка авто нарушителя:
РЕНО SR

Подразделение ГИБДД:

Центр автоматизированной фиксации административных правонарушений в области дорожного движения ГИБДД ГУ МВД России по Московской области
(Московская обл, г Звенигород, мкр Супонево, д 3)

', '2019-02-15', 500, '18810150190215054731', 1, 1, '1146511', 250, '2019-03-07', 14, '2019-03-05 12:22:41');
INSERT INTO shtrafy.fines (id, koapSt, koapText, fineDate, sum, billId, hasDiscount, hasPhoto, divId, discountSum, discountUntil, car_id, parseDate) VALUES (186, '', 'Несоблюдение требований, предписанных дорожными знаками или разметкой

Место нарушения:
МОСКВА Г.   ТТК, ВНЕШНЯЯ СТОРОНА, СЪЕЗД НА ХОРОШЕВСКОЕ Ш., В ОБЛАСТЬ

Марка авто нарушителя:
РЕНО SR

', '2019-01-25', 500, '18810177190125160692', 0, 1, '1145000', 0, '0000-00-00', 14, '2019-03-05 12:22:41');
INSERT INTO shtrafy.fines (id, koapSt, koapText, fineDate, sum, billId, hasDiscount, hasPhoto, divId, discountSum, discountUntil, car_id, parseDate) VALUES (187, '', 'Нарушение правил расположения транспортного средства

Место нарушения:
МОСКВА Г.   МКАД, 72КМ 430М, П-ОБРАЗНАЯ ОПОРА, ВНУТРЕННЕЕ КОЛЬЦО, ДВИЖЕНИЕ ОТ КАМЕРЫ

Марка авто нарушителя:
ХЕНДЭ  СОЛЯРИС

', '2019-02-28', 1500, '18810177190228354716', 1, 1, '1145000', 750, '2019-03-20', 16, '2019-03-05 12:23:12');
INSERT INTO shtrafy.fines (id, koapSt, koapText, fineDate, sum, billId, hasDiscount, hasPhoto, divId, discountSum, discountUntil, car_id, parseDate) VALUES (188, '', 'Повторное превышение скорости на 40 - 60 км/ч

Место нарушения:
МОСКВА Г.   МКАД,98КМ 800М, ВНЕШНЯЯ СТОРОНА

Марка авто нарушителя:
ХЕНДЭ  СОЛЯРИС

', '2019-02-28', 2000, '18810177190228300314', 0, 1, '1145000', 0, '0000-00-00', 16, '2019-03-05 12:23:14');
INSERT INTO shtrafy.fines (id, koapSt, koapText, fineDate, sum, billId, hasDiscount, hasPhoto, divId, discountSum, discountUntil, car_id, parseDate) VALUES (189, '', 'Превышение скорости на 20 - 40 км/ч

Место нарушения:
МОСКВА Г.   МКАД 94 КМ, НАПРОТИВ МГО N009 ОТ ЯРОСЛАВСКОГО Ш.,ВНУТР. КОЛЬЦО, КОМПЛЕКС N2

Марка авто нарушителя:
ХЕНДЭ  СОЛЯРИС

', '2019-02-28', 500, '18810177190228245475', 1, 1, '1145000', 250, '2019-03-20', 16, '2019-03-05 12:23:15');
INSERT INTO shtrafy.fines (id, koapSt, koapText, fineDate, sum, billId, hasDiscount, hasPhoto, divId, discountSum, discountUntil, car_id, parseDate) VALUES (190, '', 'Неостановка перед стоп-линией, обозначенной дорожными знаками, разметкой проезжей части дороги, при запрещающем сигнале светофора или запрещающем жесте регулировщика

Место нарушения:
МОСКОВСКАЯ ОБЛ.   Г. КЛИМОВСК, ПЕРЕСЕЧЕНИЕ А Д  СТАРОСИМФЕРОПОЛЬСКОЕ ШОССЕ  С УЛ. ВОКЗАЛЬНАЯ,

Марка авто нарушителя:
ХЕНДЭ  СОЛЯРИС

Подразделение ГИБДД:

Центр автоматизированной фиксации административных правонарушений в области дорожного движения ГИБДД ГУ МВД России по Московской области
(Московская обл, г Звенигород, мкр Супонево, д 3)

', '2019-02-26', 800, '18810150190226074332', 1, 1, '1146511', 400, '2019-03-18', 16, '2019-03-05 12:23:16');
INSERT INTO shtrafy.fines (id, koapSt, koapText, fineDate, sum, billId, hasDiscount, hasPhoto, divId, discountSum, discountUntil, car_id, parseDate) VALUES (191, '', 'Проезд на запрещающий сигнал светофора или на запрещающий жест регулировщика

Место нарушения:
МОСКОВСКАЯ ОБЛ.   Г. КЛИМОВСК, ПЕРЕСЕЧЕНИЕ А Д  СТАРОСИМФЕРОПОЛЬСКОЕ ШОССЕ  С УЛ. ВОКЗАЛЬНАЯ,

Марка авто нарушителя:
ХЕНДЭ  СОЛЯРИС

Подразделение ГИБДД:

Центр автоматизированной фиксации административных правонарушений в области дорожного движения ГИБДД ГУ МВД России по Московской области
(Московская обл, г Звенигород, мкр Супонево, д 3)

', '2019-02-22', 1000, '18810150190222210007', 1, 1, '1146511', 500, '2019-03-14', 16, '2019-03-05 12:23:17');
INSERT INTO shtrafy.fines (id, koapSt, koapText, fineDate, sum, billId, hasDiscount, hasPhoto, divId, discountSum, discountUntil, car_id, parseDate) VALUES (192, '', 'Превышение скорости на 20 - 40 км/ч

Место нарушения:
МОСКОВСКАЯ ОБЛ.   Г. ПОДОЛЬСК, ПРОСПЕКТ ЮНЫХ ЛЕНИНЦЕВ, Д. 1, ИЗ ЩЕРБИНКИ

Марка авто нарушителя:
ХЕНДЭ  СОЛЯРИС

Подразделение ГИБДД:

Центр автоматизированной фиксации административных правонарушений в области дорожного движения ГИБДД ГУ МВД России по Московской области
(Московская обл, г Звенигород, мкр Супонево, д 3)

', '2019-02-19', 500, '18810150190219225697', 1, 1, '1146511', 250, '2019-03-11', 16, '2019-03-05 12:23:18');
INSERT INTO shtrafy.fines (id, koapSt, koapText, fineDate, sum, billId, hasDiscount, hasPhoto, divId, discountSum, discountUntil, car_id, parseDate) VALUES (193, '', 'Превышение скорости на 20 - 40 км/ч

Место нарушения:
МОСКОВСКАЯ ОБЛ.   А Д М-7 <ВОЛГА>, 16КМ 765М, Н.П. БАЛАШИХА, В МОСКВУ

Марка авто нарушителя:
ХЕНДЭ  СОЛЯРИС

Подразделение ГИБДД:

Центр автоматизированной фиксации административных правонарушений в области дорожного движения ГИБДД ГУ МВД России по Московской области
(Московская обл, г Звенигород, мкр Супонево, д 3)

', '2019-02-08', 500, '18810150190208039277', 0, 1, '1146511', 0, '0000-00-00', 16, '2019-03-05 12:23:19');
INSERT INTO shtrafy.fines (id, koapSt, koapText, fineDate, sum, billId, hasDiscount, hasPhoto, divId, discountSum, discountUntil, car_id, parseDate) VALUES (194, '', 'Превышение скорости на 20 - 40 км/ч

Место нарушения:
МОСКОВСКАЯ ОБЛ.   А Д А-103 <ЩЕЛКОВСКОЕ ШОССЕ>, 20КМ 440М, Н.П. БАЛАШИХА, ИЗ МОСКВЫ

Марка авто нарушителя:
ХЕНДЭ  СОЛЯРИС

Подразделение ГИБДД:

Центр автоматизированной фиксации административных правонарушений в области дорожного движения ГИБДД ГУ МВД России по Московской области
(Московская обл, г Звенигород, мкр Супонево, д 3)

', '2019-02-06', 500, '18810150190206031791', 0, 1, '1146511', 0, '0000-00-00', 16, '2019-03-05 12:23:19');
INSERT INTO shtrafy.fines (id, koapSt, koapText, fineDate, sum, billId, hasDiscount, hasPhoto, divId, discountSum, discountUntil, car_id, parseDate) VALUES (195, '', 'Превышение скорости на 20 - 40 км/ч

Место нарушения:
МОСКОВСКАЯ ОБЛ.   А Д  ПЯТНИЦКОЕ ШОССЕ , 54КМ 200М, Н.П. ОТРАДНОЕ, ИЗ МОСКВЫ, ИЗ МОСКВЫ

Марка авто нарушителя:
ХЕНДЭ  СОЛЯРИС

Подразделение ГИБДД:

Центр автоматизированной фиксации административных правонарушений в области дорожного движения ГИБДД ГУ МВД России по Московской области
(Московская обл, г Звенигород, мкр Супонево, д 3)

', '2019-01-19', 500, '18810150190119143942', 0, 1, '1146511', 0, '0000-00-00', 16, '2019-03-05 12:23:19');
INSERT INTO shtrafy.fines (id, koapSt, koapText, fineDate, sum, billId, hasDiscount, hasPhoto, divId, discountSum, discountUntil, car_id, parseDate) VALUES (196, '', 'Превышение скорости на 20 - 40 км/ч

Место нарушения:
МОСКОВСКАЯ ОБЛ.   76 КМ   800 М, А Д М-5 <<УРАЛ>>, Н.П. НИКИТСКОЕ, В ОБЛАСТЬ

Марка авто нарушителя:
ХЕНДЭ  СОЛЯРИС

Подразделение ГИБДД:

Центр автоматизированной фиксации административных правонарушений в области дорожного движения ГИБДД ГУ МВД России по Московской области
(Московская обл, г Звенигород, мкр Супонево, д 3)

', '2019-01-03', 500, '18810150190103159752', 0, 1, '1146511', 0, '0000-00-00', 16, '2019-03-05 12:23:20');
INSERT INTO shtrafy.fines (id, koapSt, koapText, fineDate, sum, billId, hasDiscount, hasPhoto, divId, discountSum, discountUntil, car_id, parseDate) VALUES (197, '', 'Повторное превышение скорости на 40 - 60 км/ч

Место нарушения:
А Д М-7  ВОЛГА  624КМ 500М Н.П. КАЛАЙКАСЫ

Марка авто нарушителя:
ХЕНДЭ  СОЛЯРИС

Подразделение ГИБДД:

ЦАФАП ГИБДД МВД по Чувашской Республике
(Чувашская Республика - Чувашия, г Чебоксары, ул Богдана Хмельницкого, д 37)

', '2018-12-07', 2000, '18810121181207987309', 0, 1, '1197060', 0, '0000-00-00', 16, '2019-03-05 12:23:20');
INSERT INTO shtrafy.fines (id, koapSt, koapText, fineDate, sum, billId, hasDiscount, hasPhoto, divId, discountSum, discountUntil, car_id, parseDate) VALUES (198, '', 'Превышение скорости на 20 - 40 км/ч

Место нарушения:
МОСКВА Г. МКАД 103 КМ, НАПРОТИВ МГО N 220 ОТ УЛ. ХАБАРОВСКАЯ, ВНУТРЕННЕЕ КОЛЬЦО

Марка авто нарушителя:
ХЕНДЭ СОЛЯРИС

', '2018-10-18', 500, '18810177181018970552', 0, 1, '1145000', 0, '0000-00-00', 16, '2019-03-05 12:23:21');
INSERT INTO shtrafy.fines (id, koapSt, koapText, fineDate, sum, billId, hasDiscount, hasPhoto, divId, discountSum, discountUntil, car_id, parseDate) VALUES (199, '', 'Превышение скорости на 20 - 40 км/ч

Место нарушения:
МОСКВА Г. МКАД,100КМ 400М, ВНЕШНЯЯ СТОРОНА

Марка авто нарушителя:
ХЕНДЭ СОЛЯРИС

', '2018-10-18', 500, '18810177181018877277', 0, 1, '1145000', 0, '0000-00-00', 16, '2019-03-05 12:23:21');
INSERT INTO shtrafy.fines (id, koapSt, koapText, fineDate, sum, billId, hasDiscount, hasPhoto, divId, discountSum, discountUntil, car_id, parseDate) VALUES (200, '', 'Нарушение правил расположения транспортного средства

Место нарушения:
МОСКВА Г. МКАД, 77 КМ 900 М, П-ОПОРА, ВНЕШНЯЯ СТОРОНА

Марка авто нарушителя:
ХЕНДЭ СОЛЯРИС

', '2018-10-16', 1500, '18810177181047134260', 0, 1, '1145000', 0, '0000-00-00', 16, '2019-03-05 12:23:21');
INSERT INTO shtrafy.fines (id, koapSt, koapText, fineDate, sum, billId, hasDiscount, hasPhoto, divId, discountSum, discountUntil, car_id, parseDate) VALUES (201, '', 'Превышение скорости на 20 - 40 км/ч

Место нарушения:
МОСКВА Г. ЛЕНИНГРАДСКОЕ Ш.

Марка авто нарушителя:
ХЕНДЭ СОЛЯРИС

', '2018-09-21', 500, '18810177180921413575', 0, 1, '1145000', 0, '0000-00-00', 16, '2019-03-05 12:23:21');
INSERT INTO shtrafy.fines (id, koapSt, koapText, fineDate, sum, billId, hasDiscount, hasPhoto, divId, discountSum, discountUntil, car_id, parseDate) VALUES (202, '', 'Несоблюдение требований, предписанных дорожными знаками или разметкой

Место нарушения:
МОСКВА Г.   САДОВОЕ КОЛЬЦО, ВНЕШНЯЯ СТОРОНА, БОЛЬШАЯ СУХАРЕВСКАЯ ПЛ., Д. 5 1, СТР. 1

Марка авто нарушителя:
ХЕНДЭ  СОЛЯРИС

', '2019-02-20', 500, '18810177190220160378', 1, 1, '1145000', 250, '2019-03-12', 17, '2019-03-05 12:23:51');
INSERT INTO shtrafy.fines (id, koapSt, koapText, fineDate, sum, billId, hasDiscount, hasPhoto, divId, discountSum, discountUntil, car_id, parseDate) VALUES (203, '', 'Превышение скорости на 20 - 40 км/ч

Место нарушения:
МОСКОВСКАЯ ОБЛ.   44 КМ   950 М, А Д М-10 <<РОССИЯ>>, Н.П. ДУРЫКИНО

Марка авто нарушителя:
ХЕНДЭ  СОЛЯРИС

Подразделение ГИБДД:

Центр автоматизированной фиксации административных правонарушений в области дорожного движения ГИБДД ГУ МВД России по Московской области
(Московская обл, г Звенигород, мкр Супонево, д 3)

', '2019-01-23', 500, '18810150190123221518', 0, 1, '1146511', 0, '0000-00-00', 17, '2019-03-05 12:23:52');
INSERT INTO shtrafy.fines (id, koapSt, koapText, fineDate, sum, billId, hasDiscount, hasPhoto, divId, discountSum, discountUntil, car_id, parseDate) VALUES (204, '', 'Превышение скорости на 20 - 40 км/ч

Место нарушения:
МОСКВА Г. ЗЕЛЕНОГРАД Г. ЦЕНТРАЛЬНЫЙ ПРОСП. Д.1

Марка авто нарушителя:
ХЕНДЭ  СОЛЯРИС

', '2019-01-19', 500, '18810177190119303010', 0, 1, '1145000', 0, '0000-00-00', 17, '2019-03-05 12:23:52');
INSERT INTO shtrafy.fines (id, koapSt, koapText, fineDate, sum, billId, hasDiscount, hasPhoto, divId, discountSum, discountUntil, car_id, parseDate) VALUES (205, '', 'Повторное превышение скорости на 40 - 60 км/ч

Место нарушения:
ПЕНЗЕНСКАЯ ОБЛ.   ПЕНЗЕНСКАЯ ОБЛАСТЬ, ФАД М5 УРАЛ, 524 КМ.

Марка авто нарушителя:
ХЕНДЭ  СОЛЯРИС

Подразделение ГИБДД:

Центр автоматизированной фиксации административных правонарушений в области дорожного движения ГИБДД УМВД России по Пензенской области
(Пензенская обл, г Пенза, ул Бакунина, д 181)

', '2018-11-19', 2000, '18810158181119055099', 0, 1, '1156023', 0, '0000-00-00', 17, '2019-03-05 12:23:52');
INSERT INTO shtrafy.fines (id, koapSt, koapText, fineDate, sum, billId, hasDiscount, hasPhoto, divId, discountSum, discountUntil, car_id, parseDate) VALUES (206, '', 'Повторное превышение скорости на 40 - 60 км/ч

Место нарушения:
ПЕНЗЕНСКАЯ ОБЛ.   ФАД М5 УРАЛ 549 КМ.

Марка авто нарушителя:
ХЕНДЭ  СОЛЯРИС

Подразделение ГИБДД:

Центр автоматизированной фиксации административных правонарушений в области дорожного движения ГИБДД УМВД России по Пензенской области
(Пензенская обл, г Пенза, ул Бакунина, д 181)

', '2018-11-19', 2000, '18810158181119055145', 0, 1, '1156023', 0, '0000-00-00', 17, '2019-03-05 12:23:52');
INSERT INTO shtrafy.fines (id, koapSt, koapText, fineDate, sum, billId, hasDiscount, hasPhoto, divId, discountSum, discountUntil, car_id, parseDate) VALUES (207, '', 'Несоблюдение требований, предписанных дорожными знаками или разметкой

Место нарушения:
МОСКВА Г. ЛИПЕЦКАЯ

Марка авто нарушителя:
ХЕНДЭ СОЛЯРИС

', '2018-11-17', 500, '18810177181117591126', 0, 1, '1145000', 0, '0000-00-00', 17, '2019-03-05 12:23:53');
INSERT INTO shtrafy.fines (id, koapSt, koapText, fineDate, sum, billId, hasDiscount, hasPhoto, divId, discountSum, discountUntil, car_id, parseDate) VALUES (208, '', 'Превышение скорости на 20 - 40 км/ч

Место нарушения:
МОСКОВСКАЯ ОБЛ.   А Д <МОСКВА-ЕГОРЬЕВСК-ТУМА-КАСИМОВ>, 105КМ 660М, Н.П. ПОДРЯДНИКОВО, В МОСКВ

Марка авто нарушителя:
ХЕНДЭ  СОЛЯРИС

Подразделение ГИБДД:

Центр автоматизированной фиксации административных правонарушений в области дорожного движения ГИБДД ГУ МВД России по Московской области
(Московская обл, г Звенигород, мкр Супонево, д 3)

', '2018-11-09', 500, '18810150181109050010', 0, 1, '1146511', 0, '0000-00-00', 17, '2019-03-05 12:23:53');
INSERT INTO shtrafy.fines (id, koapSt, koapText, fineDate, sum, billId, hasDiscount, hasPhoto, divId, discountSum, discountUntil, car_id, parseDate) VALUES (209, '', 'Повторное превышение скорости на 40 - 60 км/ч

Место нарушения:
ПЕНЗЕНСКАЯ ОБЛ. ПОДГОРНОЕ С. А Д М5 УРАЛ 575.000 КМ.

Марка авто нарушителя:
ХЕНДЭ  СОЛЯРИС

Подразделение ГИБДД:

Центр автоматизированной фиксации административных правонарушений в области дорожного движения ГИБДД УМВД России по Пензенской области
(Пензенская обл, г Пенза, ул Бакунина, д 181)

', '2018-11-07', 2000, '18810158181107068939', 0, 1, '1156023', 0, '0000-00-00', 17, '2019-03-05 12:23:53');
INSERT INTO shtrafy.fines (id, koapSt, koapText, fineDate, sum, billId, hasDiscount, hasPhoto, divId, discountSum, discountUntil, car_id, parseDate) VALUES (210, '', 'Превышение скорости на 20 - 40 км/ч

Место нарушения:
ПЕНЗЕНСКАЯ ОБЛ. ДУБРОВКИ С. А Д М5 УРАЛ 485.000 КМ.

Марка авто нарушителя:
ХЕНДЭ  СОЛЯРИС

Подразделение ГИБДД:

Центр автоматизированной фиксации административных правонарушений в области дорожного движения ГИБДД УМВД России по Пензенской области
(Пензенская обл, г Пенза, ул Бакунина, д 181)

', '2018-11-07', 500, '18810158181107058810', 0, 1, '1156023', 0, '0000-00-00', 17, '2019-03-05 12:23:53');
INSERT INTO shtrafy.fines (id, koapSt, koapText, fineDate, sum, billId, hasDiscount, hasPhoto, divId, discountSum, discountUntil, car_id, parseDate) VALUES (211, '', 'Превышение скорости на 20 - 40 км/ч

Место нарушения:
МОСКВА Г. МКАД 103 КМ, НАПРОТИВ МГО N 200 ОТ УЛ. ХАБАРОВСКАЯ, ВНЕШНЕЕ КОЛЬЦО

Марка авто нарушителя:
ХЕНДЭ СОЛЯРИС

', '2018-08-18', 500, '18810177180818408262', 0, 1, '1145000', 0, '0000-00-00', 17, '2019-03-05 12:23:54');
INSERT INTO shtrafy.fines (id, koapSt, koapText, fineDate, sum, billId, hasDiscount, hasPhoto, divId, discountSum, discountUntil, car_id, parseDate) VALUES (212, '', 'Превышение скорости на 20 - 40 км/ч

Место нарушения:
БАЛАБАНОВО АД М-3 УКРАИНА 94 КМ 200 М НАПРАВЛЕНИЕ ПОПУТНОЕ

Марка авто нарушителя:
ХЕНДЭ СОЛЯРИС

Подразделение ГИБДД:

Центр автоматизированной фиксации административных правонарушений в области дорожного движения ГИБДД УМВД России по Калужской области
(Калужская обл, г Калуга, ул Грабцевское шоссе, д 112А)

', '2018-01-24', 500, '18810140180124043251', 0, 1, '1129099', 0, '0000-00-00', 18, '2019-03-05 12:24:04');
INSERT INTO shtrafy.fines (id, koapSt, koapText, fineDate, sum, billId, hasDiscount, hasPhoto, divId, discountSum, discountUntil, car_id, parseDate) VALUES (213, '', 'Превышение скорости на 20 - 40 км/ч

Место нарушения:
МОСКОВСКАЯ ОБЛ.   А Д <СОЛНЕЧНОГОРСК-СПАСС-БРЕХОВО-ЗЕЛЕНОГРАД>, 1КМ 670М, К ПЯТНИЦКОМУ ШОССЕ

Марка авто нарушителя:
ХЕНДЭ  СОЛЯРИС 1.6 GI АТ

Подразделение ГИБДД:

Центр автоматизированной фиксации административных правонарушений в области дорожного движения ГИБДД ГУ МВД России по Московской области
(Московская обл, г Звенигород, мкр Супонево, д 3)

', '2019-02-22', 500, '18810150190222278518', 1, 1, '1146511', 250, '2019-03-14', 19, '2019-03-05 12:24:24');
INSERT INTO shtrafy.fines (id, koapSt, koapText, fineDate, sum, billId, hasDiscount, hasPhoto, divId, discountSum, discountUntil, car_id, parseDate) VALUES (214, '', 'Превышение скорости на 20 - 40 км/ч

Место нарушения:
МОСКОВСКАЯ ОБЛ.   А Д М-10 <РОССИЯ>, 36КМ 450М, В МОСКВУ

Марка авто нарушителя:
ХЕНДЭ  СОЛЯРИС 1.6 GI АТ

Подразделение ГИБДД:

Центр автоматизированной фиксации административных правонарушений в области дорожного движения ГИБДД ГУ МВД России по Московской области
(Московская обл, г Звенигород, мкр Супонево, д 3)

', '2019-02-20', 500, '18810150190220285665', 1, 1, '1146511', 250, '2019-03-12', 19, '2019-03-05 12:24:24');
INSERT INTO shtrafy.fines (id, koapSt, koapText, fineDate, sum, billId, hasDiscount, hasPhoto, divId, discountSum, discountUntil, car_id, parseDate) VALUES (215, '', 'Превышение скорости на 20 - 40 км/ч

Место нарушения:
МОСКОВСКАЯ ОБЛ.   А Д  ПЯТНИЦКОЕ ШОССЕ , 51КМ 520М, ИЗ МОСКВЫ

Марка авто нарушителя:
ХЕНДЭ  СОЛЯРИС 1.6 GI АТ

Подразделение ГИБДД:

Центр автоматизированной фиксации административных правонарушений в области дорожного движения ГИБДД ГУ МВД России по Московской области
(Московская обл, г Звенигород, мкр Супонево, д 3)

', '2019-02-16', 500, '18810150190216237767', 1, 1, '1146511', 250, '2019-03-11', 19, '2019-03-05 12:24:25');
INSERT INTO shtrafy.fines (id, koapSt, koapText, fineDate, sum, billId, hasDiscount, hasPhoto, divId, discountSum, discountUntil, car_id, parseDate) VALUES (216, '', 'Превышение скорости на 20 - 40 км/ч

Место нарушения:
МОСКВА Г.   МКАД, 96КМ, ВНУТРЕННЯЯ СТОРОНА

Марка авто нарушителя:
ХЕНДЭ  СОЛЯРИС 1.6 GI АТ

', '2019-02-12', 500, '18810177190212382987', 0, 1, '1145000', 0, '0000-00-00', 19, '2019-03-05 12:24:25');
INSERT INTO shtrafy.fines (id, koapSt, koapText, fineDate, sum, billId, hasDiscount, hasPhoto, divId, discountSum, discountUntil, car_id, parseDate) VALUES (217, '', 'Превышение скорости на 20 - 40 км/ч

Место нарушения:
МОСКОВСКАЯ ОБЛ.   44 КМ   950 М, А Д М-10 <<РОССИЯ>>, Н.П. ДУРЫКИНО

Марка авто нарушителя:
ХЕНДЭ  СОЛЯРИС 1.6 GI АТ

Подразделение ГИБДД:

Центр автоматизированной фиксации административных правонарушений в области дорожного движения ГИБДД ГУ МВД России по Московской области
(Московская обл, г Звенигород, мкр Супонево, д 3)

', '2019-02-06', 500, '18810150190206160001', 0, 1, '1146511', 0, '0000-00-00', 19, '2019-03-05 12:24:25');
INSERT INTO shtrafy.fines (id, koapSt, koapText, fineDate, sum, billId, hasDiscount, hasPhoto, divId, discountSum, discountUntil, car_id, parseDate) VALUES (218, '', 'Повторное превышение скорости на 40 - 60 км/ч

Место нарушения:
МОСКВА Г.   Г. ЗЕЛЕНОГРАД, КУТУЗОВСКОЕ ШОССЕ 2КМ 460М (ОТ ПЯТНИЦКОГО ШОССЕ)

Марка авто нарушителя:
ХЕНДЭ  СОЛЯРИС 1.6 GI АТ

', '2019-01-23', 2000, '18810177190123073334', 0, 1, '1145000', 0, '0000-00-00', 19, '2019-03-05 12:24:25');
INSERT INTO shtrafy.fines (id, koapSt, koapText, fineDate, sum, billId, hasDiscount, hasPhoto, divId, discountSum, discountUntil, car_id, parseDate) VALUES (219, '', 'Нарушение правил расположения транспортного средства

Место нарушения:
МОСКВА Г. МКАД, 76КМ 840М, П-ОПОРА, ВНЕШНЯЯ СТОРОНА

Марка авто нарушителя:
ХЕНДЭ СОЛЯРИС 1.6 GI АТ

', '2018-11-29', 1500, '18810177181129132121', 0, 1, '1145000', 0, '0000-00-00', 19, '2019-03-05 12:24:26');
INSERT INTO shtrafy.fines (id, koapSt, koapText, fineDate, sum, billId, hasDiscount, hasPhoto, divId, discountSum, discountUntil, car_id, parseDate) VALUES (220, '', 'Неостановка перед стоп-линией, обозначенной дорожными знаками, разметкой проезжей части дороги, при запрещающем сигнале светофора или запрещающем жесте регулировщика

Место нарушения:
МОСКОВСКАЯ ОБЛ.   А Д <ПЯТНИЦКОЕ ШОССЕ>, 54КМ 960М, Н.П. ОТРАДНОЕ, ИЗ МОСКВЫ

Марка авто нарушителя:
ХЕНДЭ  СОЛЯРИС 1.6 GI АТ

Подразделение ГИБДД:

Центр автоматизированной фиксации административных правонарушений в области дорожного движения ГИБДД ГУ МВД России по Московской области
(Московская обл, г Звенигород, мкр Супонево, д 3)

', '2018-11-26', 800, '18810150181126303703', 0, 1, '1146511', 0, '0000-00-00', 19, '2019-03-05 12:24:26');
INSERT INTO shtrafy.fines (id, koapSt, koapText, fineDate, sum, billId, hasDiscount, hasPhoto, divId, discountSum, discountUntil, car_id, parseDate) VALUES (221, '', 'Превышение скорости на 20 - 40 км/ч

Место нарушения:
МОСКОВСКАЯ ОБЛ.   А Д А-105  ПОДЪЕЗД К АЭРОПОРТУ ДОМОДЕДОВО , 28КМ 500М, В МОСКВУ

Марка авто нарушителя:
ХЕНДЭ  СОЛЯРИС 1.6 GI АТ

Подразделение ГИБДД:

Центр автоматизированной фиксации административных правонарушений в области дорожного движения ГИБДД ГУ МВД России по Московской области
(Московская обл, г Звенигород, мкр Супонево, д 3)

', '2018-10-11', 500, '18810150181011115017', 0, 1, '1146511', 0, '0000-00-00', 19, '2019-03-05 12:24:27');
INSERT INTO shtrafy.fines (id, koapSt, koapText, fineDate, sum, billId, hasDiscount, hasPhoto, divId, discountSum, discountUntil, car_id, parseDate) VALUES (222, '', 'Превышение скорости на 20 - 40 км/ч

Место нарушения:
А Д  МОЖАЙСКОЕ ШОССЕ , 26КМ 950М, Н.П. ОДИНЦОВО, ИЗ МОЖАЙСКА

Марка авто нарушителя:
ХЕНДЭ  СОЛЯРИС 1.6 GI АТ

Подразделение ГИБДД:

Центр автоматизированной фиксации административных правонарушений в области дорожного движения ГИБДД ГУ МВД России по Московской области
(Московская обл, г Звенигород, мкр Супонево, д 3)

', '2018-10-11', 500, '18810150181011070277', 0, 1, '1146511', 0, '0000-00-00', 19, '2019-03-05 12:24:27');
INSERT INTO shtrafy.fines (id, koapSt, koapText, fineDate, sum, billId, hasDiscount, hasPhoto, divId, discountSum, discountUntil, car_id, parseDate) VALUES (223, '', 'Превышение скорости на 20 - 40 км/ч

Место нарушения:
МОСКВА Г. САДОВОЕ КОЛЬЦО(ВНУТР), КРЫМСКИЙ ПР-Д, У Д.532, С1 ПО УЛ.ОСТОЖЕНКА

Марка авто нарушителя:
ХЕНДЭ СОЛЯРИС 1.6 GI АТ

', '2018-10-11', 500, '18810177181011202193', 0, 1, '1145000', 0, '0000-00-00', 19, '2019-03-05 12:24:28');
INSERT INTO shtrafy.fines (id, koapSt, koapText, fineDate, sum, billId, hasDiscount, hasPhoto, divId, discountSum, discountUntil, car_id, parseDate) VALUES (224, '', 'Превышение скорости на 20 - 40 км/ч

Место нарушения:
МОСКВА Г. КАШИРСКОЕ Ш. Д.86 К.3

Марка авто нарушителя:
ХЕНДЭ СОЛЯРИС 1.6 GI АТ

', '2018-10-02', 500, '18810177181002019837', 0, 1, '1145000', 0, '0000-00-00', 19, '2019-03-05 12:24:28');
INSERT INTO shtrafy.fines (id, koapSt, koapText, fineDate, sum, billId, hasDiscount, hasPhoto, divId, discountSum, discountUntil, car_id, parseDate) VALUES (225, '', 'Превышение скорости на 20 - 40 км/ч

Место нарушения:
131КМ 30М АД М10 РОССИЯ, ТВЕРСКАЯ ОБЛАСТЬ, КОНАКОВСКИЙ Р-Н, НП НОВОМЕЛКОВО

Марка авто нарушителя:
ХЕНДЭ  СОЛЯРИС 1.6 GI АТ

Подразделение ГИБДД:

Центр автоматизированной фиксации административных правонарушений ГИБДД УМВД России по Тверской области
(Тверская обл, г Тверь, пр-кт Победы, д 53)

', '2018-10-02', 500, '18810169181002001146', 0, 1, '1128075', 0, '0000-00-00', 19, '2019-03-05 12:24:28');
INSERT INTO shtrafy.fines (id, koapSt, koapText, fineDate, sum, billId, hasDiscount, hasPhoto, divId, discountSum, discountUntil, car_id, parseDate) VALUES (226, '', 'Повторное превышение скорости на 40 - 60 км/ч

Место нарушения:
МОСКОВСКАЯ ОБЛ.   А Д  МОСКВА-ВОЛОКОЛАМСК , 30КМ 900М, Н.П. НАХАБИНО, В МОСКВУ

Марка авто нарушителя:
РЕНО SR

Подразделение ГИБДД:

Центр автоматизированной фиксации административных правонарушений в области дорожного движения ГИБДД ГУ МВД России по Московской области
(Московская обл, г Звенигород, мкр Супонево, д 3)

', '2018-12-07', 2000, '18810150181207077754', 0, 1, '1146511', 0, '0000-00-00', 20, '2019-03-05 12:24:48');
INSERT INTO shtrafy.fines (id, koapSt, koapText, fineDate, sum, billId, hasDiscount, hasPhoto, divId, discountSum, discountUntil, car_id, parseDate) VALUES (227, '', 'Повторное превышение скорости на 40 - 60 км/ч

Место нарушения:
МОСКОВСКАЯ ОБЛ.   А Д  МОСКВА-ВОЛОКОЛАМСК , 30КМ 900М, Н.П. НАХАБИНО, В МОСКВУ

Марка авто нарушителя:
РЕНО SR

Подразделение ГИБДД:

Центр автоматизированной фиксации административных правонарушений в области дорожного движения ГИБДД ГУ МВД России по Московской области
(Московская обл, г Звенигород, мкр Супонево, д 3)

', '2018-12-07', 2000, '18810150181207077533', 0, 1, '1146511', 0, '0000-00-00', 20, '2019-03-05 12:24:49');
CREATE TABLE shtrafy.photos
(
    id int(11) PRIMARY KEY NOT NULL AUTO_INCREMENT,
    imgUrl text,
    fineId int(11),
    CONSTRAINT photos_ibfk_1 FOREIGN KEY (fineId) REFERENCES shtrafy.fines (id) ON DELETE CASCADE
);
CREATE INDEX fineId ON shtrafy.photos (fineId);
INSERT INTO shtrafy.photos (id, imgUrl, fineId) VALUES (9, 'Х678КО/18810150190214426694/1265463971.jpg', 53);
INSERT INTO shtrafy.photos (id, imgUrl, fineId) VALUES (10, 'Х678КО/18810150190214426694/1255052785.jpg', 53);
INSERT INTO shtrafy.photos (id, imgUrl, fineId) VALUES (11, 'Х678КО/18810150190214426694/822768109.jpg', 53);
INSERT INTO shtrafy.photos (id, imgUrl, fineId) VALUES (12, 'Х678КО/18810150190214426694/88829320.jpg', 53);
INSERT INTO shtrafy.photos (id, imgUrl, fineId) VALUES (13, 'Х678КО/18810150181220181721/70274837.jpg', 54);
INSERT INTO shtrafy.photos (id, imgUrl, fineId) VALUES (14, 'Х678КО/18810150181220181721/1644703741.jpg', 54);
INSERT INTO shtrafy.photos (id, imgUrl, fineId) VALUES (15, 'Х678КО/18810150181220181721/1264482077.jpg', 54);
INSERT INTO shtrafy.photos (id, imgUrl, fineId) VALUES (16, 'Х678КО/18810150181220181721/862101601.jpg', 54);
INSERT INTO shtrafy.photos (id, imgUrl, fineId) VALUES (17, 'Х678КО/18810177181208349026/1294011911.jpg', 55);
INSERT INTO shtrafy.photos (id, imgUrl, fineId) VALUES (18, 'Х678КО/18810177181208349026/1379868270.jpg', 55);
INSERT INTO shtrafy.photos (id, imgUrl, fineId) VALUES (19, 'Х678КО/18810150181127440143/58787746.jpg', 56);
INSERT INTO shtrafy.photos (id, imgUrl, fineId) VALUES (20, 'Х678КО/18810150181127440143/327138724.jpg', 56);
INSERT INTO shtrafy.photos (id, imgUrl, fineId) VALUES (21, 'Х678КО/18810150181127440143/81348225.jpg', 56);
INSERT INTO shtrafy.photos (id, imgUrl, fineId) VALUES (22, 'Х678КО/18810150181127440143/701330973.jpg', 56);
INSERT INTO shtrafy.photos (id, imgUrl, fineId) VALUES (23, 'Х678КО/18810177181016756731/1171456992.jpg', 57);
INSERT INTO shtrafy.photos (id, imgUrl, fineId) VALUES (24, 'Х678КО/18810177181016756731/1703090895.jpg', 57);
INSERT INTO shtrafy.photos (id, imgUrl, fineId) VALUES (25, 'Х678КО/18810150181016615123/199979157.jpg', 58);
INSERT INTO shtrafy.photos (id, imgUrl, fineId) VALUES (26, 'Х678КО/18810150181016615123/993446274.jpg', 58);
INSERT INTO shtrafy.photos (id, imgUrl, fineId) VALUES (27, 'Х678КО/18810150181016615123/2046792827.jpg', 58);
INSERT INTO shtrafy.photos (id, imgUrl, fineId) VALUES (28, 'Х678КО/18810150181016615123/1615689126.jpg', 58);
INSERT INTO shtrafy.photos (id, imgUrl, fineId) VALUES (29, 'Х678КО/18810150181016615123/1027843725.jpg', 58);
INSERT INTO shtrafy.photos (id, imgUrl, fineId) VALUES (30, 'Х678КО/18810177181014463354/1824046064.jpg', 59);
INSERT INTO shtrafy.photos (id, imgUrl, fineId) VALUES (31, 'Х678КО/18810177181014463354/1752138947.jpg', 59);
INSERT INTO shtrafy.photos (id, imgUrl, fineId) VALUES (32, 'Х678КО/18810150181013201085/1879766118.jpg', 60);
INSERT INTO shtrafy.photos (id, imgUrl, fineId) VALUES (33, 'Х678КО/18810150181013201085/1803823102.jpg', 60);
INSERT INTO shtrafy.photos (id, imgUrl, fineId) VALUES (34, 'Х678КО/18810150181013201085/68916939.jpg', 60);
INSERT INTO shtrafy.photos (id, imgUrl, fineId) VALUES (35, 'Х678КО/18810150181013201085/1316883036.jpg', 60);
INSERT INTO shtrafy.photos (id, imgUrl, fineId) VALUES (36, 'Х678КО/18810150181013201085/114381590.jpg', 60);
INSERT INTO shtrafy.photos (id, imgUrl, fineId) VALUES (37, 'Х678КО/18810150181013201085/98360914.jpg', 60);
INSERT INTO shtrafy.photos (id, imgUrl, fineId) VALUES (38, 'Х678КО/18810150181006099017/1918884529.jpg', 61);
INSERT INTO shtrafy.photos (id, imgUrl, fineId) VALUES (39, 'Х678КО/18810150181006099017/601383155.jpg', 61);
INSERT INTO shtrafy.photos (id, imgUrl, fineId) VALUES (40, 'Х678КО/18810150181006099017/1905521198.jpg', 61);
INSERT INTO shtrafy.photos (id, imgUrl, fineId) VALUES (41, 'Х678КО/18810150181006099017/1835754625.jpg', 61);
INSERT INTO shtrafy.photos (id, imgUrl, fineId) VALUES (42, 'Х678КО/18810150181006099017/2072050305.jpg', 61);
INSERT INTO shtrafy.photos (id, imgUrl, fineId) VALUES (43, 'Х678КО/18810150180927263385/1172452254.jpg', 62);
INSERT INTO shtrafy.photos (id, imgUrl, fineId) VALUES (44, 'Х678КО/18810150180927263385/803229938.jpg', 62);
INSERT INTO shtrafy.photos (id, imgUrl, fineId) VALUES (45, 'Х678КО/18810150180927263385/2034751311.jpg', 62);
INSERT INTO shtrafy.photos (id, imgUrl, fineId) VALUES (46, 'Х678КО/18810150180927263385/1229332409.jpg', 62);
INSERT INTO shtrafy.photos (id, imgUrl, fineId) VALUES (47, 'Х678КО/18810150180927263385/629338805.jpg', 62);
INSERT INTO shtrafy.photos (id, imgUrl, fineId) VALUES (48, 'Х678КО/18810150180927263385/188069664.jpg', 62);
INSERT INTO shtrafy.photos (id, imgUrl, fineId) VALUES (49, 'Х678КО/18810177180926423821/2092402088.jpg', 63);
INSERT INTO shtrafy.photos (id, imgUrl, fineId) VALUES (50, 'Х678КО/18810177180926423821/211942506.jpg', 63);
INSERT INTO shtrafy.photos (id, imgUrl, fineId) VALUES (51, 'Р243ОХ/18810177190218155028/847479660.jpg', 65);
INSERT INTO shtrafy.photos (id, imgUrl, fineId) VALUES (52, 'Р243ОХ/18810177190218155028/1722987519.jpg', 65);
INSERT INTO shtrafy.photos (id, imgUrl, fineId) VALUES (53, 'Р243ОХ/18810177190213095876/1786815649.jpg', 66);
INSERT INTO shtrafy.photos (id, imgUrl, fineId) VALUES (54, 'Р243ОХ/18810177190213095876/169785608.jpg', 66);
INSERT INTO shtrafy.photos (id, imgUrl, fineId) VALUES (55, 'Р243ОХ/18810169190115005412/1769588697.jpg', 67);
INSERT INTO shtrafy.photos (id, imgUrl, fineId) VALUES (56, 'Р243ОХ/18810169190115005412/1047493368.jpg', 67);
INSERT INTO shtrafy.photos (id, imgUrl, fineId) VALUES (57, 'Р243ОХ/18810169190115005382/1543669899.jpg', 68);
INSERT INTO shtrafy.photos (id, imgUrl, fineId) VALUES (58, 'Р243ОХ/18810169190115005382/1904362704.jpg', 68);
INSERT INTO shtrafy.photos (id, imgUrl, fineId) VALUES (59, 'Р243ОХ/18810177190108273875/2028755401.jpg', 69);
INSERT INTO shtrafy.photos (id, imgUrl, fineId) VALUES (60, 'Р243ОХ/18810177190108273875/7489930.jpg', 69);
INSERT INTO shtrafy.photos (id, imgUrl, fineId) VALUES (61, 'Р243ОХ/18810166181029141699/1813513703.jpg', 70);
INSERT INTO shtrafy.photos (id, imgUrl, fineId) VALUES (62, 'Р243ОХ/18810166181029141699/1184833942.jpg', 70);
INSERT INTO shtrafy.photos (id, imgUrl, fineId) VALUES (63, 'Р243ОХ/18810166181012000426/418986213.jpg', 71);
INSERT INTO shtrafy.photos (id, imgUrl, fineId) VALUES (64, 'Р243ОХ/18810166181012000426/1087103814.jpg', 71);
INSERT INTO shtrafy.photos (id, imgUrl, fineId) VALUES (65, 'Р243ОХ/18810166181011065702/1246975949.jpg', 72);
INSERT INTO shtrafy.photos (id, imgUrl, fineId) VALUES (66, 'Р243ОХ/18810166181009095861/1956925402.jpg', 73);
INSERT INTO shtrafy.photos (id, imgUrl, fineId) VALUES (67, 'Р243ОХ/18810166181009095861/1586070753.jpg', 73);
INSERT INTO shtrafy.photos (id, imgUrl, fineId) VALUES (68, 'Р243ОХ/18810152180926057042/129738718.jpg', 74);
INSERT INTO shtrafy.photos (id, imgUrl, fineId) VALUES (69, 'Р243ОХ/18810152180926002817/1310109204.jpg', 75);
INSERT INTO shtrafy.photos (id, imgUrl, fineId) VALUES (70, 'Р243ОХ/18810152180926002817/273941692.jpg', 75);
INSERT INTO shtrafy.photos (id, imgUrl, fineId) VALUES (71, 'Р243ОХ/18810152180926075628/1426543902.jpg', 76);
INSERT INTO shtrafy.photos (id, imgUrl, fineId) VALUES (72, 'Р243ОХ/18810152180926075628/1399885333.jpg', 76);
INSERT INTO shtrafy.photos (id, imgUrl, fineId) VALUES (73, 'Р243ОХ/18810152180926085164/742219896.jpg', 77);
INSERT INTO shtrafy.photos (id, imgUrl, fineId) VALUES (74, 'Р243ОХ/18810152180926085164/606405940.jpg', 77);
INSERT INTO shtrafy.photos (id, imgUrl, fineId) VALUES (75, 'Р243ОХ/18810152180925137026/1682459148.jpg', 78);
INSERT INTO shtrafy.photos (id, imgUrl, fineId) VALUES (76, 'Р243ОХ/18810152180925137026/1714174461.jpg', 78);
INSERT INTO shtrafy.photos (id, imgUrl, fineId) VALUES (77, 'Р243ОХ/18810152180925135384/659522990.jpg', 79);
INSERT INTO shtrafy.photos (id, imgUrl, fineId) VALUES (78, 'Р243ОХ/18810152180925135384/778676079.jpg', 79);
INSERT INTO shtrafy.photos (id, imgUrl, fineId) VALUES (79, 'Р243ОХ/18810152180925135112/634865811.jpg', 80);
INSERT INTO shtrafy.photos (id, imgUrl, fineId) VALUES (80, 'Р243ОХ/18810152180925135112/998111223.jpg', 80);
INSERT INTO shtrafy.photos (id, imgUrl, fineId) VALUES (81, 'Р243ОХ/18810152180924058726/2124865679.jpg', 81);
INSERT INTO shtrafy.photos (id, imgUrl, fineId) VALUES (82, 'Р243ОХ/18810152180924058726/18121974.jpg', 81);
INSERT INTO shtrafy.photos (id, imgUrl, fineId) VALUES (83, 'Р243ОХ/18810152180924089613/1962985760.jpg', 82);
INSERT INTO shtrafy.photos (id, imgUrl, fineId) VALUES (84, 'Р243ОХ/18810152180924089613/1837986860.jpg', 82);
INSERT INTO shtrafy.photos (id, imgUrl, fineId) VALUES (85, 'Р243ОХ/18810152180924064394/1445087465.jpg', 83);
INSERT INTO shtrafy.photos (id, imgUrl, fineId) VALUES (86, 'Р243ОХ/18810152180924064394/958334009.jpg', 83);
INSERT INTO shtrafy.photos (id, imgUrl, fineId) VALUES (87, 'Р243ОХ/18810150180914615415/359144581.jpg', 84);
INSERT INTO shtrafy.photos (id, imgUrl, fineId) VALUES (88, 'Р243ОХ/18810150180914615415/1286755576.jpg', 84);
INSERT INTO shtrafy.photos (id, imgUrl, fineId) VALUES (89, 'Р243ОХ/18810150180914615415/809294753.jpg', 84);
INSERT INTO shtrafy.photos (id, imgUrl, fineId) VALUES (90, 'Р243ОХ/18810150180914615415/703821916.jpg', 84);
INSERT INTO shtrafy.photos (id, imgUrl, fineId) VALUES (91, 'Р243ОХ/18810150180914615415/2072163668.jpg', 84);
INSERT INTO shtrafy.photos (id, imgUrl, fineId) VALUES (92, 'Р243ОХ/18810177180910873537/206549624.jpg', 85);
INSERT INTO shtrafy.photos (id, imgUrl, fineId) VALUES (93, 'Р243ОХ/18810177180910873537/1949096091.jpg', 85);
INSERT INTO shtrafy.photos (id, imgUrl, fineId) VALUES (94, 'Р243ОХ/18810177180906111237/1356634637.jpg', 86);
INSERT INTO shtrafy.photos (id, imgUrl, fineId) VALUES (95, 'Р243ОХ/18810177180906111237/177929818.jpg', 86);
INSERT INTO shtrafy.photos (id, imgUrl, fineId) VALUES (96, 'Е686РТ/18810177190225449353/1946628527.jpg', 87);
INSERT INTO shtrafy.photos (id, imgUrl, fineId) VALUES (97, 'Е686РТ/18810177190225449353/1405473664.jpg', 87);
INSERT INTO shtrafy.photos (id, imgUrl, fineId) VALUES (98, 'Е686РТ/18810150190118005179/987330810.jpg', 88);
INSERT INTO shtrafy.photos (id, imgUrl, fineId) VALUES (99, 'Е686РТ/18810150190118005179/95797211.jpg', 88);
INSERT INTO shtrafy.photos (id, imgUrl, fineId) VALUES (100, 'Е686РТ/18810150190118005179/1996821250.jpg', 88);
INSERT INTO shtrafy.photos (id, imgUrl, fineId) VALUES (101, 'Е686РТ/18810150190118005179/1187309967.jpg', 88);
INSERT INTO shtrafy.photos (id, imgUrl, fineId) VALUES (102, 'Е686РТ/18810177181207234934/1100250775.jpg', 89);
INSERT INTO shtrafy.photos (id, imgUrl, fineId) VALUES (103, 'Е686РТ/18810177181207234934/1328090405.jpg', 89);
INSERT INTO shtrafy.photos (id, imgUrl, fineId) VALUES (104, 'Х103ЕС/18810177190215192337/1701077225.jpg', 90);
INSERT INTO shtrafy.photos (id, imgUrl, fineId) VALUES (105, 'Х103ЕС/18810177190215192337/1529516914.jpg', 90);
INSERT INTO shtrafy.photos (id, imgUrl, fineId) VALUES (106, 'Х103ЕС/18810177190201219524/384683406.jpg', 91);
INSERT INTO shtrafy.photos (id, imgUrl, fineId) VALUES (107, 'Х103ЕС/18810177190201219524/1186665368.jpg', 91);
INSERT INTO shtrafy.photos (id, imgUrl, fineId) VALUES (108, 'Х103ЕС/18810150190129006996/172323289.jpg', 92);
INSERT INTO shtrafy.photos (id, imgUrl, fineId) VALUES (109, 'Х103ЕС/18810150190129006996/1783844651.jpg', 92);
INSERT INTO shtrafy.photos (id, imgUrl, fineId) VALUES (110, 'Х103ЕС/18810150190129006996/501794314.jpg', 92);
INSERT INTO shtrafy.photos (id, imgUrl, fineId) VALUES (111, 'Х103ЕС/18810150190129006996/1530924579.jpg', 92);
INSERT INTO shtrafy.photos (id, imgUrl, fineId) VALUES (112, 'Х103ЕС/18810150190129006996/399561549.jpg', 92);
INSERT INTO shtrafy.photos (id, imgUrl, fineId) VALUES (113, 'Х103ЕС/18810177190127058895/602604815.jpg', 93);
INSERT INTO shtrafy.photos (id, imgUrl, fineId) VALUES (114, 'Х103ЕС/18810177190127058895/1668281692.jpg', 93);
INSERT INTO shtrafy.photos (id, imgUrl, fineId) VALUES (115, 'Х103ЕС/18810177190121030395/986678336.jpg', 94);
INSERT INTO shtrafy.photos (id, imgUrl, fineId) VALUES (116, 'Х103ЕС/18810177190121030395/207918322.jpg', 94);
INSERT INTO shtrafy.photos (id, imgUrl, fineId) VALUES (117, 'Х103ЕС/18810177190120458715/1026530204.jpg', 95);
INSERT INTO shtrafy.photos (id, imgUrl, fineId) VALUES (118, 'Х103ЕС/18810177190120458715/1732327415.jpg', 95);
INSERT INTO shtrafy.photos (id, imgUrl, fineId) VALUES (119, 'Х103ЕС/18810177190118490259/1595206261.jpg', 96);
INSERT INTO shtrafy.photos (id, imgUrl, fineId) VALUES (120, 'Х103ЕС/18810177190118490259/1906580857.jpg', 96);
INSERT INTO shtrafy.photos (id, imgUrl, fineId) VALUES (121, 'Х103ЕС/18810177190105155618/1334015751.jpg', 97);
INSERT INTO shtrafy.photos (id, imgUrl, fineId) VALUES (122, 'Х103ЕС/18810177190105155618/1660380620.jpg', 97);
INSERT INTO shtrafy.photos (id, imgUrl, fineId) VALUES (123, 'Х103ЕС/18810177181019286981/518448098.jpg', 98);
INSERT INTO shtrafy.photos (id, imgUrl, fineId) VALUES (124, 'Х103ЕС/18810177181019286981/1352633215.jpg', 98);
INSERT INTO shtrafy.photos (id, imgUrl, fineId) VALUES (125, 'Х103ЕС/18810177181019189178/223904578.jpg', 99);
INSERT INTO shtrafy.photos (id, imgUrl, fineId) VALUES (126, 'Х103ЕС/18810177181019189178/857777941.jpg', 99);
INSERT INTO shtrafy.photos (id, imgUrl, fineId) VALUES (127, 'Х103ЕС/18810150181016347285/1597272207.jpg', 100);
INSERT INTO shtrafy.photos (id, imgUrl, fineId) VALUES (128, 'Х103ЕС/18810150181016347285/1285084131.jpg', 100);
INSERT INTO shtrafy.photos (id, imgUrl, fineId) VALUES (129, 'Х103ЕС/18810150181016347285/1741638143.jpg', 100);
INSERT INTO shtrafy.photos (id, imgUrl, fineId) VALUES (130, 'Х103ЕС/18810150181016347285/1037024153.jpg', 100);
INSERT INTO shtrafy.photos (id, imgUrl, fineId) VALUES (131, 'Х103ЕС/18810150181016347285/364534483.jpg', 100);
INSERT INTO shtrafy.photos (id, imgUrl, fineId) VALUES (132, 'Х103ЕС/18810150181016450841/715922430.jpg', 101);
INSERT INTO shtrafy.photos (id, imgUrl, fineId) VALUES (133, 'Х103ЕС/18810150181016450841/894789354.jpg', 101);
INSERT INTO shtrafy.photos (id, imgUrl, fineId) VALUES (134, 'Х103ЕС/18810150181016450841/1929329722.jpg', 101);
INSERT INTO shtrafy.photos (id, imgUrl, fineId) VALUES (135, 'Х103ЕС/18810150181016450841/1876707260.jpg', 101);
INSERT INTO shtrafy.photos (id, imgUrl, fineId) VALUES (136, 'Х103ЕС/18810150181016450841/1334553323.jpg', 101);
INSERT INTO shtrafy.photos (id, imgUrl, fineId) VALUES (137, 'Х103ЕС/18810177181016198038/852372574.jpg', 102);
INSERT INTO shtrafy.photos (id, imgUrl, fineId) VALUES (138, 'Х103ЕС/18810177181016198038/1840539879.jpg', 102);
INSERT INTO shtrafy.photos (id, imgUrl, fineId) VALUES (139, 'Х103ЕС/18810150181016390733/1256655208.jpg', 103);
INSERT INTO shtrafy.photos (id, imgUrl, fineId) VALUES (140, 'Х103ЕС/18810150181016390733/219487413.jpg', 103);
INSERT INTO shtrafy.photos (id, imgUrl, fineId) VALUES (141, 'Х103ЕС/18810150181016390733/1130851362.jpg', 103);
INSERT INTO shtrafy.photos (id, imgUrl, fineId) VALUES (142, 'Х103ЕС/18810150181016390733/1085947260.jpg', 103);
INSERT INTO shtrafy.photos (id, imgUrl, fineId) VALUES (143, 'Х103ЕС/18810150181016390733/2128346250.jpg', 103);
INSERT INTO shtrafy.photos (id, imgUrl, fineId) VALUES (144, 'Х103ЕС/18810150181016408845/834793263.jpg', 104);
INSERT INTO shtrafy.photos (id, imgUrl, fineId) VALUES (145, 'Х103ЕС/18810150181016408845/598266518.jpg', 104);
INSERT INTO shtrafy.photos (id, imgUrl, fineId) VALUES (146, 'Х103ЕС/18810150181016408845/476500325.jpg', 104);
INSERT INTO shtrafy.photos (id, imgUrl, fineId) VALUES (147, 'Х103ЕС/18810150181016408845/1271529586.jpg', 104);
INSERT INTO shtrafy.photos (id, imgUrl, fineId) VALUES (148, 'Х103ЕС/18810150181016408845/1344091823.jpg', 104);
INSERT INTO shtrafy.photos (id, imgUrl, fineId) VALUES (149, 'Х103ЕС/18810150181015180298/952421332.jpg', 105);
INSERT INTO shtrafy.photos (id, imgUrl, fineId) VALUES (150, 'Х103ЕС/18810150181015180298/382123213.jpg', 105);
INSERT INTO shtrafy.photos (id, imgUrl, fineId) VALUES (151, 'Х103ЕС/18810150181015180298/2093916523.jpg', 105);
INSERT INTO shtrafy.photos (id, imgUrl, fineId) VALUES (152, 'Х103ЕС/18810150181015180298/1424570729.jpg', 105);
INSERT INTO shtrafy.photos (id, imgUrl, fineId) VALUES (153, 'Х103ЕС/18810150181015180298/1038222057.jpg', 105);
INSERT INTO shtrafy.photos (id, imgUrl, fineId) VALUES (154, 'Х103ЕС/18810150181014004984/414295593.jpg', 106);
INSERT INTO shtrafy.photos (id, imgUrl, fineId) VALUES (155, 'Х103ЕС/18810150181014004984/905953960.jpg', 106);
INSERT INTO shtrafy.photos (id, imgUrl, fineId) VALUES (156, 'Х103ЕС/18810150181014004984/663382004.jpg', 106);
INSERT INTO shtrafy.photos (id, imgUrl, fineId) VALUES (157, 'Х103ЕС/18810150181014004984/1606461824.jpg', 106);
INSERT INTO shtrafy.photos (id, imgUrl, fineId) VALUES (158, 'Х103ЕС/18810150181014004984/382379462.jpg', 106);
INSERT INTO shtrafy.photos (id, imgUrl, fineId) VALUES (159, 'Х103ЕС/18810177181014972690/1947700949.jpg', 107);
INSERT INTO shtrafy.photos (id, imgUrl, fineId) VALUES (160, 'Х103ЕС/18810177181014972690/175096400.jpg', 107);
INSERT INTO shtrafy.photos (id, imgUrl, fineId) VALUES (161, 'Х103ЕС/18810150181012189170/425512655.jpg', 108);
INSERT INTO shtrafy.photos (id, imgUrl, fineId) VALUES (162, 'Х103ЕС/18810150181012189170/309886537.jpg', 108);
INSERT INTO shtrafy.photos (id, imgUrl, fineId) VALUES (163, 'Х103ЕС/18810150181012189170/1234226687.jpg', 108);
INSERT INTO shtrafy.photos (id, imgUrl, fineId) VALUES (164, 'Х103ЕС/18810150181012189170/1099219329.jpg', 108);
INSERT INTO shtrafy.photos (id, imgUrl, fineId) VALUES (165, 'Х103ЕС/18810150181012189170/256104484.jpg', 108);
INSERT INTO shtrafy.photos (id, imgUrl, fineId) VALUES (166, 'Х103ЕС/18810150181008043264/162291823.jpg', 109);
INSERT INTO shtrafy.photos (id, imgUrl, fineId) VALUES (167, 'Х103ЕС/18810150181008043264/839530876.jpg', 109);
INSERT INTO shtrafy.photos (id, imgUrl, fineId) VALUES (168, 'Х103ЕС/18810150181008043264/1531884372.jpg', 109);
INSERT INTO shtrafy.photos (id, imgUrl, fineId) VALUES (169, 'Х103ЕС/18810150181008043264/1865608459.jpg', 109);
INSERT INTO shtrafy.photos (id, imgUrl, fineId) VALUES (170, 'Х103ЕС/18810150181008043264/396087676.jpg', 109);
INSERT INTO shtrafy.photos (id, imgUrl, fineId) VALUES (171, 'Х103ЕС/18810150181004213335/2089925907.jpg', 110);
INSERT INTO shtrafy.photos (id, imgUrl, fineId) VALUES (172, 'Х103ЕС/18810150181004213335/858863510.jpg', 110);
INSERT INTO shtrafy.photos (id, imgUrl, fineId) VALUES (173, 'Х103ЕС/18810150181004213335/1124599358.jpg', 110);
INSERT INTO shtrafy.photos (id, imgUrl, fineId) VALUES (174, 'Х103ЕС/18810150181004213335/548848199.jpg', 110);
INSERT INTO shtrafy.photos (id, imgUrl, fineId) VALUES (175, 'Х103ЕС/18810150181004213335/1518247299.jpg', 110);
INSERT INTO shtrafy.photos (id, imgUrl, fineId) VALUES (176, 'Х103ЕС/18810150181002346028/1741102126.jpg', 111);
INSERT INTO shtrafy.photos (id, imgUrl, fineId) VALUES (177, 'Х103ЕС/18810150181002346028/83199946.jpg', 111);
INSERT INTO shtrafy.photos (id, imgUrl, fineId) VALUES (178, 'Х103ЕС/18810150181002346028/1031319730.jpg', 111);
INSERT INTO shtrafy.photos (id, imgUrl, fineId) VALUES (179, 'Х103ЕС/18810150181002346028/458428373.jpg', 111);
INSERT INTO shtrafy.photos (id, imgUrl, fineId) VALUES (180, 'Х103ЕС/18810150181002346028/199063730.jpg', 111);
INSERT INTO shtrafy.photos (id, imgUrl, fineId) VALUES (181, 'Х103ЕС/18810150181002003031/1399625899.jpg', 112);
INSERT INTO shtrafy.photos (id, imgUrl, fineId) VALUES (182, 'Х103ЕС/18810150181002003031/1232801999.jpg', 112);
INSERT INTO shtrafy.photos (id, imgUrl, fineId) VALUES (183, 'Х103ЕС/18810150181002003031/1882214578.jpg', 112);
INSERT INTO shtrafy.photos (id, imgUrl, fineId) VALUES (184, 'Х103ЕС/18810150181002003031/1521369108.jpg', 112);
INSERT INTO shtrafy.photos (id, imgUrl, fineId) VALUES (185, 'Х103ЕС/18810150181002003031/1308232945.jpg', 112);
INSERT INTO shtrafy.photos (id, imgUrl, fineId) VALUES (186, 'Х103ЕС/18810150181001174864/1150031302.jpg', 113);
INSERT INTO shtrafy.photos (id, imgUrl, fineId) VALUES (187, 'Х103ЕС/18810150181001174864/1208371190.jpg', 113);
INSERT INTO shtrafy.photos (id, imgUrl, fineId) VALUES (188, 'Х103ЕС/18810150181001174864/149439731.jpg', 113);
INSERT INTO shtrafy.photos (id, imgUrl, fineId) VALUES (189, 'Х103ЕС/18810150181001174864/1722743671.jpg', 113);
INSERT INTO shtrafy.photos (id, imgUrl, fineId) VALUES (190, 'Х103ЕС/18810150181001174864/741281005.jpg', 113);
INSERT INTO shtrafy.photos (id, imgUrl, fineId) VALUES (191, 'Х103ЕС/18810150181001071335/569862779.jpg', 114);
INSERT INTO shtrafy.photos (id, imgUrl, fineId) VALUES (192, 'Х103ЕС/18810150181001071335/1090805981.jpg', 114);
INSERT INTO shtrafy.photos (id, imgUrl, fineId) VALUES (193, 'Х103ЕС/18810150181001071335/512887925.jpg', 114);
INSERT INTO shtrafy.photos (id, imgUrl, fineId) VALUES (194, 'Х103ЕС/18810150181001071335/244548020.jpg', 114);
INSERT INTO shtrafy.photos (id, imgUrl, fineId) VALUES (195, 'Х103ЕС/18810150181001071335/654321832.jpg', 114);
INSERT INTO shtrafy.photos (id, imgUrl, fineId) VALUES (196, 'Х103ЕС/18810150180926382100/1696435508.jpg', 115);
INSERT INTO shtrafy.photos (id, imgUrl, fineId) VALUES (197, 'Х103ЕС/18810150180926382100/1492363226.jpg', 115);
INSERT INTO shtrafy.photos (id, imgUrl, fineId) VALUES (198, 'Х103ЕС/18810150180926382100/1660065486.jpg', 115);
INSERT INTO shtrafy.photos (id, imgUrl, fineId) VALUES (199, 'Х103ЕС/18810150180926382100/385153268.jpg', 115);
INSERT INTO shtrafy.photos (id, imgUrl, fineId) VALUES (200, 'Х103ЕС/18810150180926382100/2123860639.jpg', 115);
INSERT INTO shtrafy.photos (id, imgUrl, fineId) VALUES (201, 'Х103ЕС/18810177180922345626/1103881382.jpg', 116);
INSERT INTO shtrafy.photos (id, imgUrl, fineId) VALUES (202, 'Х103ЕС/18810177180922345626/1183440524.jpg', 116);
INSERT INTO shtrafy.photos (id, imgUrl, fineId) VALUES (203, 'С153НА/18810150181110017544/947747986.jpg', 117);
INSERT INTO shtrafy.photos (id, imgUrl, fineId) VALUES (204, 'С153НА/18810150181110017544/966285437.jpg', 117);
INSERT INTO shtrafy.photos (id, imgUrl, fineId) VALUES (205, 'С153НА/18810150181110017544/1011226904.jpg', 117);
INSERT INTO shtrafy.photos (id, imgUrl, fineId) VALUES (206, 'С153НА/18810150181110017544/1145821566.jpg', 117);
INSERT INTO shtrafy.photos (id, imgUrl, fineId) VALUES (207, 'С153НА/18810150181110017544/902182283.jpg', 117);
INSERT INTO shtrafy.photos (id, imgUrl, fineId) VALUES (208, 'С153НА/18810177181022393629/1256325559.jpg', 118);
INSERT INTO shtrafy.photos (id, imgUrl, fineId) VALUES (209, 'С153НА/18810177181022393629/337307908.jpg', 118);
INSERT INTO shtrafy.photos (id, imgUrl, fineId) VALUES (210, 'С153НА/18810150181018229174/25053685.jpg', 119);
INSERT INTO shtrafy.photos (id, imgUrl, fineId) VALUES (211, 'С153НА/18810150181018229174/1364954837.jpg', 119);
INSERT INTO shtrafy.photos (id, imgUrl, fineId) VALUES (212, 'С153НА/18810150181018229174/2145068768.jpg', 119);
INSERT INTO shtrafy.photos (id, imgUrl, fineId) VALUES (213, 'С153НА/18810150181018229174/1601026972.jpg', 119);
INSERT INTO shtrafy.photos (id, imgUrl, fineId) VALUES (214, 'С153НА/18810150181018229174/410473259.jpg', 119);
INSERT INTO shtrafy.photos (id, imgUrl, fineId) VALUES (215, 'С153НА/18810177181016886945/1384977627.jpg', 120);
INSERT INTO shtrafy.photos (id, imgUrl, fineId) VALUES (216, 'С153НА/18810177181016886945/849381054.jpg', 120);
INSERT INTO shtrafy.photos (id, imgUrl, fineId) VALUES (217, 'С153НА/18810177181016266246/1656586482.jpg', 121);
INSERT INTO shtrafy.photos (id, imgUrl, fineId) VALUES (218, 'С153НА/18810177181016266246/53820211.jpg', 121);
INSERT INTO shtrafy.photos (id, imgUrl, fineId) VALUES (219, 'О949МК/18810177190224088067/920116164.jpg', 122);
INSERT INTO shtrafy.photos (id, imgUrl, fineId) VALUES (220, 'О949МК/18810177190224088067/650657935.jpg', 122);
INSERT INTO shtrafy.photos (id, imgUrl, fineId) VALUES (221, 'О949МК/18810150190128088093/247237471.jpg', 123);
INSERT INTO shtrafy.photos (id, imgUrl, fineId) VALUES (222, 'О949МК/18810150190128088093/1267537544.jpg', 123);
INSERT INTO shtrafy.photos (id, imgUrl, fineId) VALUES (223, 'О949МК/18810150190128088093/123397350.jpg', 123);
INSERT INTO shtrafy.photos (id, imgUrl, fineId) VALUES (224, 'О949МК/18810150190128088093/2116504799.jpg', 123);
INSERT INTO shtrafy.photos (id, imgUrl, fineId) VALUES (225, 'О949МК/18810150190120022204/1768340688.jpg', 124);
INSERT INTO shtrafy.photos (id, imgUrl, fineId) VALUES (226, 'О949МК/18810150190120022204/252829040.jpg', 124);
INSERT INTO shtrafy.photos (id, imgUrl, fineId) VALUES (227, 'О949МК/18810150190120022204/1547288973.jpg', 124);
INSERT INTO shtrafy.photos (id, imgUrl, fineId) VALUES (228, 'О949МК/18810150190120022204/951724373.jpg', 124);
INSERT INTO shtrafy.photos (id, imgUrl, fineId) VALUES (229, 'О949МК/18810177181127134526/1886413866.jpg', 125);
INSERT INTO shtrafy.photos (id, imgUrl, fineId) VALUES (230, 'О949МК/18810177181127134526/107350360.jpg', 125);
INSERT INTO shtrafy.photos (id, imgUrl, fineId) VALUES (231, 'О949МК/18810177181012197428/1971768008.jpg', 126);
INSERT INTO shtrafy.photos (id, imgUrl, fineId) VALUES (232, 'О949МК/18810177181012197428/45764020.jpg', 126);
INSERT INTO shtrafy.photos (id, imgUrl, fineId) VALUES (233, 'О949МК/18810177181042069002/543835590.jpg', 127);
INSERT INTO shtrafy.photos (id, imgUrl, fineId) VALUES (234, 'О949МК/18810177181042069002/1390584429.jpg', 127);
INSERT INTO shtrafy.photos (id, imgUrl, fineId) VALUES (235, 'О949МК/18810177180214471457/1477311926.jpg', 128);
INSERT INTO shtrafy.photos (id, imgUrl, fineId) VALUES (236, 'О949МК/18810177180214471457/317083283.jpg', 128);
INSERT INTO shtrafy.photos (id, imgUrl, fineId) VALUES (237, 'А194СО/18810150181126327653/1385372639.jpg', 129);
INSERT INTO shtrafy.photos (id, imgUrl, fineId) VALUES (238, 'А194СО/18810150181126327653/882293643.jpg', 129);
INSERT INTO shtrafy.photos (id, imgUrl, fineId) VALUES (239, 'А194СО/18810150181126327653/685847951.jpg', 129);
INSERT INTO shtrafy.photos (id, imgUrl, fineId) VALUES (240, 'А194СО/18810150181126327653/1048787824.jpg', 129);
INSERT INTO shtrafy.photos (id, imgUrl, fineId) VALUES (241, 'А194СО/18810150181126327653/1562549843.jpg', 129);
INSERT INTO shtrafy.photos (id, imgUrl, fineId) VALUES (242, 'Х075ТН/18810150190225429797/1774857259.jpg', 130);
INSERT INTO shtrafy.photos (id, imgUrl, fineId) VALUES (243, 'Х075ТН/18810150190225429797/1319939589.jpg', 130);
INSERT INTO shtrafy.photos (id, imgUrl, fineId) VALUES (244, 'Х075ТН/18810150190225429797/905257435.jpg', 130);
INSERT INTO shtrafy.photos (id, imgUrl, fineId) VALUES (245, 'Х075ТН/18810150190225429797/935464478.jpg', 130);
INSERT INTO shtrafy.photos (id, imgUrl, fineId) VALUES (246, 'Х075ТН/18810150190225429797/680755809.jpg', 130);
INSERT INTO shtrafy.photos (id, imgUrl, fineId) VALUES (247, 'Х075ТН/18810150190222129822/1961039862.jpg', 131);
INSERT INTO shtrafy.photos (id, imgUrl, fineId) VALUES (248, 'Х075ТН/18810150190222129822/1121644522.jpg', 131);
INSERT INTO shtrafy.photos (id, imgUrl, fineId) VALUES (249, 'Х075ТН/18810150190222129822/421201969.jpg', 131);
INSERT INTO shtrafy.photos (id, imgUrl, fineId) VALUES (250, 'Х075ТН/18810150190222129822/116855122.jpg', 131);
INSERT INTO shtrafy.photos (id, imgUrl, fineId) VALUES (251, 'Х075ТН/18810150190221128814/88928444.jpg', 132);
INSERT INTO shtrafy.photos (id, imgUrl, fineId) VALUES (252, 'Х075ТН/18810150190221128814/301453782.jpg', 132);
INSERT INTO shtrafy.photos (id, imgUrl, fineId) VALUES (253, 'Х075ТН/18810150190221128814/100808784.jpg', 132);
INSERT INTO shtrafy.photos (id, imgUrl, fineId) VALUES (254, 'Х075ТН/18810150190221128814/414023651.jpg', 132);
INSERT INTO shtrafy.photos (id, imgUrl, fineId) VALUES (255, 'Х075ТН/18810150190221128814/451006919.jpg', 132);
INSERT INTO shtrafy.photos (id, imgUrl, fineId) VALUES (256, 'Х075ТН/18810177181229280483/1421432466.jpg', 133);
INSERT INTO shtrafy.photos (id, imgUrl, fineId) VALUES (257, 'Х075ТН/18810177181229280483/445778733.jpg', 133);
INSERT INTO shtrafy.photos (id, imgUrl, fineId) VALUES (258, 'Х075ТН/18810171181203012380/1380490383.jpg', 134);
INSERT INTO shtrafy.photos (id, imgUrl, fineId) VALUES (259, 'Х075ТН/18810171181126800197/848542877.jpg', 136);
INSERT INTO shtrafy.photos (id, imgUrl, fineId) VALUES (260, 'Х075ТН/18810150181110039203/1839787016.jpg', 137);
INSERT INTO shtrafy.photos (id, imgUrl, fineId) VALUES (261, 'Х075ТН/18810150181110039203/1852413747.jpg', 137);
INSERT INTO shtrafy.photos (id, imgUrl, fineId) VALUES (262, 'Х075ТН/18810150181110039203/919902918.jpg', 137);
INSERT INTO shtrafy.photos (id, imgUrl, fineId) VALUES (263, 'Х075ТН/18810150181110039203/1291431894.jpg', 137);
INSERT INTO shtrafy.photos (id, imgUrl, fineId) VALUES (264, 'Х075ТН/18810150181110039203/1420785120.jpg', 137);
INSERT INTO shtrafy.photos (id, imgUrl, fineId) VALUES (265, 'Х075ТН/18810177181110431883/186430596.jpg', 138);
INSERT INTO shtrafy.photos (id, imgUrl, fineId) VALUES (266, 'Х075ТН/18810177181110431883/649700790.jpg', 138);
INSERT INTO shtrafy.photos (id, imgUrl, fineId) VALUES (267, 'Х075ТН/18810169181107023220/2131290386.jpg', 139);
INSERT INTO shtrafy.photos (id, imgUrl, fineId) VALUES (268, 'Х075ТН/18810169181107023220/1613610368.jpg', 139);
INSERT INTO shtrafy.photos (id, imgUrl, fineId) VALUES (269, 'Х075ТН/18810136181027053009/2116881800.jpg', 140);
INSERT INTO shtrafy.photos (id, imgUrl, fineId) VALUES (270, 'Х075ТН/18810136181027053009/538324776.jpg', 140);
INSERT INTO shtrafy.photos (id, imgUrl, fineId) VALUES (271, 'Х075ТН/18810177181024633066/1593737806.jpg', 141);
INSERT INTO shtrafy.photos (id, imgUrl, fineId) VALUES (272, 'Х075ТН/18810177181024633066/1397298945.jpg', 141);
INSERT INTO shtrafy.photos (id, imgUrl, fineId) VALUES (273, 'Х075ТН/18810150181022044817/1303405234.jpg', 142);
INSERT INTO shtrafy.photos (id, imgUrl, fineId) VALUES (274, 'Х075ТН/18810150181022044817/1814829872.jpg', 142);
INSERT INTO shtrafy.photos (id, imgUrl, fineId) VALUES (275, 'Х075ТН/18810150181022044817/1859070970.jpg', 142);
INSERT INTO shtrafy.photos (id, imgUrl, fineId) VALUES (276, 'Х075ТН/18810150181022044817/1965273733.jpg', 142);
INSERT INTO shtrafy.photos (id, imgUrl, fineId) VALUES (277, 'Х075ТН/18810150181022044817/950120640.jpg', 142);
INSERT INTO shtrafy.photos (id, imgUrl, fineId) VALUES (278, 'Х075ТН/18810177181053392659/1895251850.jpg', 143);
INSERT INTO shtrafy.photos (id, imgUrl, fineId) VALUES (279, 'Х075ТН/18810177181053392659/2021613612.jpg', 143);
INSERT INTO shtrafy.photos (id, imgUrl, fineId) VALUES (280, 'Х075ТН/18810177181053116759/198239649.jpg', 144);
INSERT INTO shtrafy.photos (id, imgUrl, fineId) VALUES (281, 'Х075ТН/18810177181053116759/1042561248.jpg', 144);
INSERT INTO shtrafy.photos (id, imgUrl, fineId) VALUES (282, 'Х075ТН/18810177181017066879/1382624313.jpg', 145);
INSERT INTO shtrafy.photos (id, imgUrl, fineId) VALUES (283, 'Х075ТН/18810177181017066879/488870940.jpg', 145);
INSERT INTO shtrafy.photos (id, imgUrl, fineId) VALUES (284, 'Х075ТН/18810177181010426081/286914320.jpg', 146);
INSERT INTO shtrafy.photos (id, imgUrl, fineId) VALUES (285, 'Х075ТН/18810177181010426081/442199343.jpg', 146);
INSERT INTO shtrafy.photos (id, imgUrl, fineId) VALUES (286, 'Х075ТН/18810150181002218399/1788019799.jpg', 147);
INSERT INTO shtrafy.photos (id, imgUrl, fineId) VALUES (287, 'Х075ТН/18810150181002218399/87737495.jpg', 147);
INSERT INTO shtrafy.photos (id, imgUrl, fineId) VALUES (288, 'Х075ТН/18810150181002218399/894567703.jpg', 147);
INSERT INTO shtrafy.photos (id, imgUrl, fineId) VALUES (289, 'Х075ТН/18810150181002218399/1421425154.jpg', 147);
INSERT INTO shtrafy.photos (id, imgUrl, fineId) VALUES (290, 'Х075ТН/18810150181002218399/1153408889.jpg', 147);
INSERT INTO shtrafy.photos (id, imgUrl, fineId) VALUES (291, 'Х075ТН/18810177180927485934/1143208727.jpg', 148);
INSERT INTO shtrafy.photos (id, imgUrl, fineId) VALUES (292, 'Х075ТН/18810177180927485934/881324208.jpg', 148);
INSERT INTO shtrafy.photos (id, imgUrl, fineId) VALUES (293, 'Х075ТН/18810177180921717213/1644156536.jpg', 149);
INSERT INTO shtrafy.photos (id, imgUrl, fineId) VALUES (294, 'Х075ТН/18810177180921717213/113157091.jpg', 149);
INSERT INTO shtrafy.photos (id, imgUrl, fineId) VALUES (295, 'Х075ТН/18810177180915976849/1511083985.jpg', 150);
INSERT INTO shtrafy.photos (id, imgUrl, fineId) VALUES (296, 'Х075ТН/18810177180915976849/667713148.jpg', 150);
INSERT INTO shtrafy.photos (id, imgUrl, fineId) VALUES (297, 'Х075ТН/18810150180915023694/1729728540.jpg', 151);
INSERT INTO shtrafy.photos (id, imgUrl, fineId) VALUES (298, 'Х075ТН/18810150180915023694/1681130040.jpg', 151);
INSERT INTO shtrafy.photos (id, imgUrl, fineId) VALUES (299, 'Х075ТН/18810150180915023694/334009991.jpg', 151);
INSERT INTO shtrafy.photos (id, imgUrl, fineId) VALUES (300, 'Х075ТН/18810150180915023694/1729928623.jpg', 151);
INSERT INTO shtrafy.photos (id, imgUrl, fineId) VALUES (301, 'Х075ТН/18810150180915023694/1158631724.jpg', 151);
INSERT INTO shtrafy.photos (id, imgUrl, fineId) VALUES (302, 'Х075ТН/18810150180915023694/138804298.jpg', 151);
INSERT INTO shtrafy.photos (id, imgUrl, fineId) VALUES (303, 'Х075ТН/18810150180828527635/856112999.jpg', 152);
INSERT INTO shtrafy.photos (id, imgUrl, fineId) VALUES (304, 'Х075ТН/18810150180828527635/732191329.jpg', 152);
INSERT INTO shtrafy.photos (id, imgUrl, fineId) VALUES (305, 'Х075ТН/18810150180828527635/1398879228.jpg', 152);
INSERT INTO shtrafy.photos (id, imgUrl, fineId) VALUES (306, 'Х075ТН/18810150180828527635/198308884.jpg', 152);
INSERT INTO shtrafy.photos (id, imgUrl, fineId) VALUES (307, 'Н434ТХ/18810177181126032436/1998833148.jpg', 153);
INSERT INTO shtrafy.photos (id, imgUrl, fineId) VALUES (308, 'Н434ТХ/18810177181126032436/525369223.jpg', 153);
INSERT INTO shtrafy.photos (id, imgUrl, fineId) VALUES (309, 'Н434ТХ/18810150181122554868/407538816.jpg', 154);
INSERT INTO shtrafy.photos (id, imgUrl, fineId) VALUES (310, 'Н434ТХ/18810150181122554868/741457547.jpg', 154);
INSERT INTO shtrafy.photos (id, imgUrl, fineId) VALUES (311, 'Н434ТХ/18810150181122554868/782260827.jpg', 154);
INSERT INTO shtrafy.photos (id, imgUrl, fineId) VALUES (312, 'Н434ТХ/18810150181122554868/1029177055.jpg', 154);
INSERT INTO shtrafy.photos (id, imgUrl, fineId) VALUES (313, 'Н434ТХ/18810150181122554868/226151460.jpg', 154);
INSERT INTO shtrafy.photos (id, imgUrl, fineId) VALUES (314, 'Н434ТХ/18810150181122553985/1318524798.jpg', 155);
INSERT INTO shtrafy.photos (id, imgUrl, fineId) VALUES (315, 'Н434ТХ/18810150181122553985/1399082777.jpg', 155);
INSERT INTO shtrafy.photos (id, imgUrl, fineId) VALUES (316, 'Н434ТХ/18810150181122553985/1890884478.jpg', 155);
INSERT INTO shtrafy.photos (id, imgUrl, fineId) VALUES (317, 'Н434ТХ/18810150181122553985/391291676.jpg', 155);
INSERT INTO shtrafy.photos (id, imgUrl, fineId) VALUES (318, 'Н434ТХ/18810150181122553985/2090299962.jpg', 155);
INSERT INTO shtrafy.photos (id, imgUrl, fineId) VALUES (319, 'Н434ТХ/18810177181117107623/729975097.jpg', 156);
INSERT INTO shtrafy.photos (id, imgUrl, fineId) VALUES (320, 'Н434ТХ/18810177181117107623/700520704.jpg', 156);
INSERT INTO shtrafy.photos (id, imgUrl, fineId) VALUES (321, 'Н434ТХ/18810150181106332767/1790950448.jpg', 157);
INSERT INTO shtrafy.photos (id, imgUrl, fineId) VALUES (322, 'Н434ТХ/18810150181106332767/59610923.jpg', 157);
INSERT INTO shtrafy.photos (id, imgUrl, fineId) VALUES (323, 'Н434ТХ/18810150181106332767/1215357568.jpg', 157);
INSERT INTO shtrafy.photos (id, imgUrl, fineId) VALUES (324, 'Н434ТХ/18810150181106332767/1071405508.jpg', 157);
INSERT INTO shtrafy.photos (id, imgUrl, fineId) VALUES (325, 'Н434ТХ/18810150181106332767/1492576293.jpg', 157);
INSERT INTO shtrafy.photos (id, imgUrl, fineId) VALUES (326, 'Н434ТХ/18810150181023582642/616943363.jpg', 158);
INSERT INTO shtrafy.photos (id, imgUrl, fineId) VALUES (327, 'Н434ТХ/18810150181023582642/1154754734.jpg', 158);
INSERT INTO shtrafy.photos (id, imgUrl, fineId) VALUES (328, 'Н434ТХ/18810150181023582642/192715447.jpg', 158);
INSERT INTO shtrafy.photos (id, imgUrl, fineId) VALUES (329, 'Н434ТХ/18810150181023582642/328530685.jpg', 158);
INSERT INTO shtrafy.photos (id, imgUrl, fineId) VALUES (330, 'Н434ТХ/18810150181023582642/972544819.jpg', 158);
INSERT INTO shtrafy.photos (id, imgUrl, fineId) VALUES (331, 'Н434ТХ/18810150181022436162/1465134281.jpg', 159);
INSERT INTO shtrafy.photos (id, imgUrl, fineId) VALUES (332, 'Н434ТХ/18810150181022436162/1913888826.jpg', 159);
INSERT INTO shtrafy.photos (id, imgUrl, fineId) VALUES (333, 'Н434ТХ/18810150181022436162/316263868.jpg', 159);
INSERT INTO shtrafy.photos (id, imgUrl, fineId) VALUES (334, 'Н434ТХ/18810150181022436162/464932821.jpg', 159);
INSERT INTO shtrafy.photos (id, imgUrl, fineId) VALUES (335, 'Н434ТХ/18810150181021027552/284237858.jpg', 160);
INSERT INTO shtrafy.photos (id, imgUrl, fineId) VALUES (336, 'Н434ТХ/18810150181021027552/1332114257.jpg', 160);
INSERT INTO shtrafy.photos (id, imgUrl, fineId) VALUES (337, 'Н434ТХ/18810150181021027552/1266251725.jpg', 160);
INSERT INTO shtrafy.photos (id, imgUrl, fineId) VALUES (338, 'Н434ТХ/18810150181021027552/97426279.jpg', 160);
INSERT INTO shtrafy.photos (id, imgUrl, fineId) VALUES (339, 'Н434ТХ/18810150181021027552/933448357.jpg', 160);
INSERT INTO shtrafy.photos (id, imgUrl, fineId) VALUES (340, 'Н434ТХ/18810177181050044862/1111960100.jpg', 161);
INSERT INTO shtrafy.photos (id, imgUrl, fineId) VALUES (341, 'Н434ТХ/18810177181050044862/779036168.jpg', 161);
INSERT INTO shtrafy.photos (id, imgUrl, fineId) VALUES (342, 'Н434ТХ/18810177181018729081/1431760775.jpg', 162);
INSERT INTO shtrafy.photos (id, imgUrl, fineId) VALUES (343, 'Н434ТХ/18810177181018729081/1128799084.jpg', 162);
INSERT INTO shtrafy.photos (id, imgUrl, fineId) VALUES (344, 'Н434ТХ/18810150181002581698/624835876.jpg', 163);
INSERT INTO shtrafy.photos (id, imgUrl, fineId) VALUES (345, 'Н434ТХ/18810150181002581698/1289328829.jpg', 163);
INSERT INTO shtrafy.photos (id, imgUrl, fineId) VALUES (346, 'Н434ТХ/18810150181002581698/625946645.jpg', 163);
INSERT INTO shtrafy.photos (id, imgUrl, fineId) VALUES (347, 'Н434ТХ/18810150181002581698/1045961004.jpg', 163);
INSERT INTO shtrafy.photos (id, imgUrl, fineId) VALUES (348, 'Н434ТХ/18810150181002581698/1716740224.jpg', 163);
INSERT INTO shtrafy.photos (id, imgUrl, fineId) VALUES (349, 'Н434ТХ/18810150181002610370/405921649.jpg', 164);
INSERT INTO shtrafy.photos (id, imgUrl, fineId) VALUES (350, 'Н434ТХ/18810150181002610370/1550001054.jpg', 164);
INSERT INTO shtrafy.photos (id, imgUrl, fineId) VALUES (351, 'Н434ТХ/18810150181002610370/265181777.jpg', 164);
INSERT INTO shtrafy.photos (id, imgUrl, fineId) VALUES (352, 'Н434ТХ/18810150181002610370/1254464526.jpg', 164);
INSERT INTO shtrafy.photos (id, imgUrl, fineId) VALUES (353, 'Н434ТХ/18810150181002610370/1297769256.jpg', 164);
INSERT INTO shtrafy.photos (id, imgUrl, fineId) VALUES (354, 'Н434ТХ/18810177180930957760/2064257938.jpg', 165);
INSERT INTO shtrafy.photos (id, imgUrl, fineId) VALUES (355, 'Н434ТХ/18810177180930957760/1337521460.jpg', 165);
INSERT INTO shtrafy.photos (id, imgUrl, fineId) VALUES (356, 'Н434ТХ/0355431010118092900046440/850180585.jpg', 166);
INSERT INTO shtrafy.photos (id, imgUrl, fineId) VALUES (357, 'Н434ТХ/0355431010118092900046440/1263978566.jpg', 166);
INSERT INTO shtrafy.photos (id, imgUrl, fineId) VALUES (358, 'Н434ТХ/0355431010118092900046440/757157299.jpg', 166);
INSERT INTO shtrafy.photos (id, imgUrl, fineId) VALUES (359, 'Н434ТХ/0355431010118092900046440/961338093.jpg', 166);
INSERT INTO shtrafy.photos (id, imgUrl, fineId) VALUES (360, 'Н434ТХ/18810177180927990531/334125331.jpg', 167);
INSERT INTO shtrafy.photos (id, imgUrl, fineId) VALUES (361, 'Н434ТХ/18810177180927990531/1173178859.jpg', 167);
INSERT INTO shtrafy.photos (id, imgUrl, fineId) VALUES (362, 'О367ЕК/18810135190226843221/1637099016.jpg', 168);
INSERT INTO shtrafy.photos (id, imgUrl, fineId) VALUES (363, 'О367ЕК/18810135190226843221/481638595.jpg', 168);
INSERT INTO shtrafy.photos (id, imgUrl, fineId) VALUES (364, 'О367ЕК/18810177190109247460/1174082571.jpg', 169);
INSERT INTO shtrafy.photos (id, imgUrl, fineId) VALUES (365, 'О367ЕК/18810177190109247460/783135156.jpg', 169);
INSERT INTO shtrafy.photos (id, imgUrl, fineId) VALUES (366, 'О367ЕК/18810177181046136200/1455670442.jpg', 170);
INSERT INTO shtrafy.photos (id, imgUrl, fineId) VALUES (367, 'О367ЕК/18810177181046136200/24124650.jpg', 170);
INSERT INTO shtrafy.photos (id, imgUrl, fineId) VALUES (368, 'Х345ОВ/18810177190218188988/1372087537.jpg', 171);
INSERT INTO shtrafy.photos (id, imgUrl, fineId) VALUES (369, 'Х345ОВ/18810177190218188988/1260096922.jpg', 171);
INSERT INTO shtrafy.photos (id, imgUrl, fineId) VALUES (370, 'Х345ОВ/18810150181203211774/1333155476.jpg', 172);
INSERT INTO shtrafy.photos (id, imgUrl, fineId) VALUES (371, 'Х345ОВ/18810150181203211774/1268790406.jpg', 172);
INSERT INTO shtrafy.photos (id, imgUrl, fineId) VALUES (372, 'Х345ОВ/18810150181203211774/729568078.jpg', 172);
INSERT INTO shtrafy.photos (id, imgUrl, fineId) VALUES (373, 'Х345ОВ/18810150181203211774/307203809.jpg', 172);
INSERT INTO shtrafy.photos (id, imgUrl, fineId) VALUES (374, 'Х345ОВ/18810150181203211774/323247590.jpg', 172);
INSERT INTO shtrafy.photos (id, imgUrl, fineId) VALUES (375, 'Х345ОВ/18810177181203018862/238361711.jpg', 173);
INSERT INTO shtrafy.photos (id, imgUrl, fineId) VALUES (376, 'Х345ОВ/18810177181203018862/1080122113.jpg', 173);
INSERT INTO shtrafy.photos (id, imgUrl, fineId) VALUES (377, 'Х345ОВ/18810150180927349719/887400541.jpg', 174);
INSERT INTO shtrafy.photos (id, imgUrl, fineId) VALUES (378, 'Х345ОВ/18810150180927349719/1729091959.jpg', 174);
INSERT INTO shtrafy.photos (id, imgUrl, fineId) VALUES (379, 'Х345ОВ/18810150180927349719/1480918473.jpg', 174);
INSERT INTO shtrafy.photos (id, imgUrl, fineId) VALUES (380, 'Х345ОВ/18810150180927349719/1543071272.jpg', 174);
INSERT INTO shtrafy.photos (id, imgUrl, fineId) VALUES (381, 'Х345ОВ/18810150180927349719/511124592.jpg', 174);
INSERT INTO shtrafy.photos (id, imgUrl, fineId) VALUES (382, 'Е509УТ/18810177190213075514/1928383746.jpg', 175);
INSERT INTO shtrafy.photos (id, imgUrl, fineId) VALUES (383, 'Е509УТ/18810177190213075514/2012491719.jpg', 175);
INSERT INTO shtrafy.photos (id, imgUrl, fineId) VALUES (384, 'Е509УТ/18810177190206082330/477654252.jpg', 176);
INSERT INTO shtrafy.photos (id, imgUrl, fineId) VALUES (385, 'Е509УТ/18810177190206082330/380629930.jpg', 176);
INSERT INTO shtrafy.photos (id, imgUrl, fineId) VALUES (386, 'Е509УТ/18810177190202336397/817258155.jpg', 177);
INSERT INTO shtrafy.photos (id, imgUrl, fineId) VALUES (387, 'Е509УТ/18810177190202336397/1421002299.jpg', 177);
INSERT INTO shtrafy.photos (id, imgUrl, fineId) VALUES (388, 'Е509УТ/18810177190202339493/935968426.jpg', 178);
INSERT INTO shtrafy.photos (id, imgUrl, fineId) VALUES (389, 'Е509УТ/18810177190202339493/76579844.jpg', 178);
INSERT INTO shtrafy.photos (id, imgUrl, fineId) VALUES (390, 'Е509УТ/18810177190126016485/165785367.jpg', 179);
INSERT INTO shtrafy.photos (id, imgUrl, fineId) VALUES (391, 'Е509УТ/18810177190126016485/1596600716.jpg', 179);
INSERT INTO shtrafy.photos (id, imgUrl, fineId) VALUES (392, 'Е509УТ/18810150181224083708/887292690.jpg', 180);
INSERT INTO shtrafy.photos (id, imgUrl, fineId) VALUES (393, 'Е509УТ/18810150181224083708/448512130.jpg', 180);
INSERT INTO shtrafy.photos (id, imgUrl, fineId) VALUES (394, 'Е509УТ/18810150181224083708/1113006086.jpg', 180);
INSERT INTO shtrafy.photos (id, imgUrl, fineId) VALUES (395, 'Е509УТ/18810150181224083708/1113444150.jpg', 180);
INSERT INTO shtrafy.photos (id, imgUrl, fineId) VALUES (396, 'Е509УТ/18810150181224083708/1767036928.jpg', 180);
INSERT INTO shtrafy.photos (id, imgUrl, fineId) VALUES (397, 'Е509УТ/18810177180927983020/1337555432.jpg', 181);
INSERT INTO shtrafy.photos (id, imgUrl, fineId) VALUES (398, 'Е509УТ/18810177180927983020/1875765288.jpg', 181);
INSERT INTO shtrafy.photos (id, imgUrl, fineId) VALUES (399, 'Е509УТ/18810177180830509073/874460066.jpg', 182);
INSERT INTO shtrafy.photos (id, imgUrl, fineId) VALUES (400, 'Е509УТ/18810177180830509073/781607756.jpg', 182);
INSERT INTO shtrafy.photos (id, imgUrl, fineId) VALUES (401, 'Н270МХ/18810177190221067525/1086373069.jpg', 183);
INSERT INTO shtrafy.photos (id, imgUrl, fineId) VALUES (402, 'Н270МХ/18810177190221067525/709867698.jpg', 183);
INSERT INTO shtrafy.photos (id, imgUrl, fineId) VALUES (403, 'Н270МХ/18810150190215054731/689319001.jpg', 185);
INSERT INTO shtrafy.photos (id, imgUrl, fineId) VALUES (404, 'Н270МХ/18810150190215054731/132761153.jpg', 185);
INSERT INTO shtrafy.photos (id, imgUrl, fineId) VALUES (405, 'Н270МХ/18810150190215054731/1188792556.jpg', 185);
INSERT INTO shtrafy.photos (id, imgUrl, fineId) VALUES (406, 'Н270МХ/18810150190215054731/199047703.jpg', 185);
INSERT INTO shtrafy.photos (id, imgUrl, fineId) VALUES (407, 'Н270МХ/18810177190125160692/1033934773.jpg', 186);
INSERT INTO shtrafy.photos (id, imgUrl, fineId) VALUES (408, 'Н270МХ/18810177190125160692/366937259.jpg', 186);
INSERT INTO shtrafy.photos (id, imgUrl, fineId) VALUES (409, 'Т807НР/18810150190226074332/1786717614.jpg', 190);
INSERT INTO shtrafy.photos (id, imgUrl, fineId) VALUES (410, 'Т807НР/18810150190226074332/352912093.jpg', 190);
INSERT INTO shtrafy.photos (id, imgUrl, fineId) VALUES (411, 'Т807НР/18810150190226074332/1152979775.jpg', 190);
INSERT INTO shtrafy.photos (id, imgUrl, fineId) VALUES (412, 'Т807НР/18810150190226074332/1651725685.jpg', 190);
INSERT INTO shtrafy.photos (id, imgUrl, fineId) VALUES (413, 'Т807НР/18810150190226074332/1867252081.jpg', 190);
INSERT INTO shtrafy.photos (id, imgUrl, fineId) VALUES (414, 'Т807НР/18810150190226074332/562907608.jpg', 190);
INSERT INTO shtrafy.photos (id, imgUrl, fineId) VALUES (415, 'Т807НР/18810150190226074332/723280246.jpg', 190);
INSERT INTO shtrafy.photos (id, imgUrl, fineId) VALUES (416, 'Т807НР/18810150190226074332/1672897588.jpg', 190);
INSERT INTO shtrafy.photos (id, imgUrl, fineId) VALUES (417, 'Т807НР/18810150190226074332/713264017.jpg', 190);
INSERT INTO shtrafy.photos (id, imgUrl, fineId) VALUES (418, 'Т807НР/18810150190226074332/243246220.jpg', 190);
INSERT INTO shtrafy.photos (id, imgUrl, fineId) VALUES (419, 'Т807НР/18810150190222210007/37081447.jpg', 191);
INSERT INTO shtrafy.photos (id, imgUrl, fineId) VALUES (420, 'Т807НР/18810150190222210007/427971170.jpg', 191);
INSERT INTO shtrafy.photos (id, imgUrl, fineId) VALUES (421, 'Т807НР/18810150190222210007/1874690868.jpg', 191);
INSERT INTO shtrafy.photos (id, imgUrl, fineId) VALUES (422, 'Т807НР/18810150190222210007/173632626.jpg', 191);
INSERT INTO shtrafy.photos (id, imgUrl, fineId) VALUES (423, 'Т807НР/18810150190222210007/1648090336.jpg', 191);
INSERT INTO shtrafy.photos (id, imgUrl, fineId) VALUES (424, 'Т807НР/18810150190222210007/622690010.jpg', 191);
INSERT INTO shtrafy.photos (id, imgUrl, fineId) VALUES (425, 'Т807НР/18810150190222210007/1032875323.jpg', 191);
INSERT INTO shtrafy.photos (id, imgUrl, fineId) VALUES (426, 'Т807НР/18810150190222210007/1459902218.jpg', 191);
INSERT INTO shtrafy.photos (id, imgUrl, fineId) VALUES (427, 'Т807НР/18810150190222210007/1829315029.jpg', 191);
INSERT INTO shtrafy.photos (id, imgUrl, fineId) VALUES (428, 'Т807НР/18810150190222210007/1344048821.jpg', 191);
INSERT INTO shtrafy.photos (id, imgUrl, fineId) VALUES (429, 'Т807НР/18810150190219225697/1745739864.jpg', 192);
INSERT INTO shtrafy.photos (id, imgUrl, fineId) VALUES (430, 'Т807НР/18810150190219225697/1537445916.jpg', 192);
INSERT INTO shtrafy.photos (id, imgUrl, fineId) VALUES (431, 'Т807НР/18810150190219225697/489467963.jpg', 192);
INSERT INTO shtrafy.photos (id, imgUrl, fineId) VALUES (432, 'Т807НР/18810150190219225697/2091986505.jpg', 192);
INSERT INTO shtrafy.photos (id, imgUrl, fineId) VALUES (433, 'Т807НР/18810150190219225697/1791711948.jpg', 192);
INSERT INTO shtrafy.photos (id, imgUrl, fineId) VALUES (434, 'Т807НР/18810150190208039277/362600379.jpg', 193);
INSERT INTO shtrafy.photos (id, imgUrl, fineId) VALUES (435, 'Т807НР/18810150190208039277/1168207953.jpg', 193);
INSERT INTO shtrafy.photos (id, imgUrl, fineId) VALUES (436, 'Т807НР/18810150190208039277/675930197.jpg', 193);
INSERT INTO shtrafy.photos (id, imgUrl, fineId) VALUES (437, 'Т807НР/18810150190208039277/242495551.jpg', 193);
INSERT INTO shtrafy.photos (id, imgUrl, fineId) VALUES (438, 'Т807НР/18810150190208039277/323910850.jpg', 193);
INSERT INTO shtrafy.photos (id, imgUrl, fineId) VALUES (439, 'Т807НР/18810150190206031791/741118036.jpg', 194);
INSERT INTO shtrafy.photos (id, imgUrl, fineId) VALUES (440, 'Т807НР/18810150190206031791/1227263143.jpg', 194);
INSERT INTO shtrafy.photos (id, imgUrl, fineId) VALUES (441, 'Т807НР/18810150190206031791/1295770774.jpg', 194);
INSERT INTO shtrafy.photos (id, imgUrl, fineId) VALUES (442, 'Т807НР/18810150190206031791/1752911132.jpg', 194);
INSERT INTO shtrafy.photos (id, imgUrl, fineId) VALUES (443, 'Т807НР/18810150190206031791/585657938.jpg', 194);
INSERT INTO shtrafy.photos (id, imgUrl, fineId) VALUES (444, 'Т807НР/18810150190119143942/44219592.jpg', 195);
INSERT INTO shtrafy.photos (id, imgUrl, fineId) VALUES (445, 'Т807НР/18810150190119143942/666034578.jpg', 195);
INSERT INTO shtrafy.photos (id, imgUrl, fineId) VALUES (446, 'Т807НР/18810150190119143942/1352884029.jpg', 195);
INSERT INTO shtrafy.photos (id, imgUrl, fineId) VALUES (447, 'Т807НР/18810150190119143942/912486139.jpg', 195);
INSERT INTO shtrafy.photos (id, imgUrl, fineId) VALUES (448, 'Т807НР/18810150190119143942/581934759.jpg', 195);
INSERT INTO shtrafy.photos (id, imgUrl, fineId) VALUES (449, 'Т807НР/18810150190103159752/1031638029.jpg', 196);
INSERT INTO shtrafy.photos (id, imgUrl, fineId) VALUES (450, 'Т807НР/18810150190103159752/1270033485.jpg', 196);
INSERT INTO shtrafy.photos (id, imgUrl, fineId) VALUES (451, 'Т807НР/18810150190103159752/463056911.jpg', 196);
INSERT INTO shtrafy.photos (id, imgUrl, fineId) VALUES (452, 'Т807НР/18810121181207987309/1608649544.jpg', 197);
INSERT INTO shtrafy.photos (id, imgUrl, fineId) VALUES (453, 'Т807НР/18810121181207987309/1524932528.jpg', 197);
INSERT INTO shtrafy.photos (id, imgUrl, fineId) VALUES (454, 'Т807НР/18810177181018970552/1586759370.jpg', 198);
INSERT INTO shtrafy.photos (id, imgUrl, fineId) VALUES (455, 'Т807НР/18810177181018970552/67531120.jpg', 198);
INSERT INTO shtrafy.photos (id, imgUrl, fineId) VALUES (456, 'Т807НР/18810177181018877277/1109739663.jpg', 199);
INSERT INTO shtrafy.photos (id, imgUrl, fineId) VALUES (457, 'Т807НР/18810177181018877277/470594132.jpg', 199);
INSERT INTO shtrafy.photos (id, imgUrl, fineId) VALUES (458, 'Т807НР/18810177181047134260/1311646620.jpg', 200);
INSERT INTO shtrafy.photos (id, imgUrl, fineId) VALUES (459, 'Т807НР/18810177181047134260/329007700.jpg', 200);
INSERT INTO shtrafy.photos (id, imgUrl, fineId) VALUES (460, 'Т807НР/18810177180921413575/1360093835.jpg', 201);
INSERT INTO shtrafy.photos (id, imgUrl, fineId) VALUES (461, 'Т807НР/18810177180921413575/1276792246.jpg', 201);
INSERT INTO shtrafy.photos (id, imgUrl, fineId) VALUES (462, 'О870СР/18810177190220160378/2040324835.jpg', 202);
INSERT INTO shtrafy.photos (id, imgUrl, fineId) VALUES (463, 'О870СР/18810177190220160378/231118430.jpg', 202);
INSERT INTO shtrafy.photos (id, imgUrl, fineId) VALUES (464, 'О870СР/18810150190123221518/1916960286.jpg', 203);
INSERT INTO shtrafy.photos (id, imgUrl, fineId) VALUES (465, 'О870СР/18810150190123221518/744126518.jpg', 203);
INSERT INTO shtrafy.photos (id, imgUrl, fineId) VALUES (466, 'О870СР/18810150190123221518/567461716.jpg', 203);
INSERT INTO shtrafy.photos (id, imgUrl, fineId) VALUES (467, 'О870СР/18810150190123221518/548619351.jpg', 203);
INSERT INTO shtrafy.photos (id, imgUrl, fineId) VALUES (468, 'О870СР/18810177190119303010/560654391.jpg', 204);
INSERT INTO shtrafy.photos (id, imgUrl, fineId) VALUES (469, 'О870СР/18810177190119303010/120784764.jpg', 204);
INSERT INTO shtrafy.photos (id, imgUrl, fineId) VALUES (470, 'О870СР/18810158181119055099/1295252121.jpg', 205);
INSERT INTO shtrafy.photos (id, imgUrl, fineId) VALUES (471, 'О870СР/18810158181119055099/340404168.jpg', 205);
INSERT INTO shtrafy.photos (id, imgUrl, fineId) VALUES (472, 'О870СР/18810158181119055099/1209032751.jpg', 205);
INSERT INTO shtrafy.photos (id, imgUrl, fineId) VALUES (473, 'О870СР/18810158181119055099/1289849105.jpg', 205);
INSERT INTO shtrafy.photos (id, imgUrl, fineId) VALUES (474, 'О870СР/18810158181119055145/1487043452.jpg', 206);
INSERT INTO shtrafy.photos (id, imgUrl, fineId) VALUES (475, 'О870СР/18810158181119055145/1316122393.jpg', 206);
INSERT INTO shtrafy.photos (id, imgUrl, fineId) VALUES (476, 'О870СР/18810158181119055145/2038131464.jpg', 206);
INSERT INTO shtrafy.photos (id, imgUrl, fineId) VALUES (477, 'О870СР/18810158181119055145/1037301615.jpg', 206);
INSERT INTO shtrafy.photos (id, imgUrl, fineId) VALUES (478, 'О870СР/18810177181117591126/1576172263.jpg', 207);
INSERT INTO shtrafy.photos (id, imgUrl, fineId) VALUES (479, 'О870СР/18810177181117591126/86828463.jpg', 207);
INSERT INTO shtrafy.photos (id, imgUrl, fineId) VALUES (480, 'О870СР/18810150181109050010/482044787.jpg', 208);
INSERT INTO shtrafy.photos (id, imgUrl, fineId) VALUES (481, 'О870СР/18810150181109050010/195989607.jpg', 208);
INSERT INTO shtrafy.photos (id, imgUrl, fineId) VALUES (482, 'О870СР/18810150181109050010/655052601.jpg', 208);
INSERT INTO shtrafy.photos (id, imgUrl, fineId) VALUES (483, 'О870СР/18810150181109050010/1117455148.jpg', 208);
INSERT INTO shtrafy.photos (id, imgUrl, fineId) VALUES (484, 'О870СР/18810150181109050010/567714329.jpg', 208);
INSERT INTO shtrafy.photos (id, imgUrl, fineId) VALUES (485, 'О870СР/18810158181107068939/1594360732.jpg', 209);
INSERT INTO shtrafy.photos (id, imgUrl, fineId) VALUES (486, 'О870СР/18810158181107068939/648565674.jpg', 209);
INSERT INTO shtrafy.photos (id, imgUrl, fineId) VALUES (487, 'О870СР/18810158181107068939/477876858.jpg', 209);
INSERT INTO shtrafy.photos (id, imgUrl, fineId) VALUES (488, 'О870СР/18810158181107058810/613533133.jpg', 210);
INSERT INTO shtrafy.photos (id, imgUrl, fineId) VALUES (489, 'О870СР/18810158181107058810/2145670927.jpg', 210);
INSERT INTO shtrafy.photos (id, imgUrl, fineId) VALUES (490, 'О870СР/18810158181107058810/1442852698.jpg', 210);
INSERT INTO shtrafy.photos (id, imgUrl, fineId) VALUES (491, 'О870СР/18810177180818408262/1854985804.jpg', 211);
INSERT INTO shtrafy.photos (id, imgUrl, fineId) VALUES (492, 'О870СР/18810177180818408262/157500232.jpg', 211);
INSERT INTO shtrafy.photos (id, imgUrl, fineId) VALUES (493, 'М170ВО/18810140180124043251/1227533253.jpg', 212);
INSERT INTO shtrafy.photos (id, imgUrl, fineId) VALUES (494, 'М170ВО/18810140180124043251/2019661546.jpg', 212);
INSERT INTO shtrafy.photos (id, imgUrl, fineId) VALUES (495, 'У546НЕ/18810150190222278518/442575022.jpg', 213);
INSERT INTO shtrafy.photos (id, imgUrl, fineId) VALUES (496, 'У546НЕ/18810150190222278518/781375369.jpg', 213);
INSERT INTO shtrafy.photos (id, imgUrl, fineId) VALUES (497, 'У546НЕ/18810150190222278518/500293581.jpg', 213);
INSERT INTO shtrafy.photos (id, imgUrl, fineId) VALUES (498, 'У546НЕ/18810150190222278518/641310845.jpg', 213);
INSERT INTO shtrafy.photos (id, imgUrl, fineId) VALUES (499, 'У546НЕ/18810150190222278518/1365938017.jpg', 213);
INSERT INTO shtrafy.photos (id, imgUrl, fineId) VALUES (500, 'У546НЕ/18810150190220285665/697937346.jpg', 214);
INSERT INTO shtrafy.photos (id, imgUrl, fineId) VALUES (501, 'У546НЕ/18810150190220285665/858046768.jpg', 214);
INSERT INTO shtrafy.photos (id, imgUrl, fineId) VALUES (502, 'У546НЕ/18810150190220285665/1488728382.jpg', 214);
INSERT INTO shtrafy.photos (id, imgUrl, fineId) VALUES (503, 'У546НЕ/18810150190220285665/1525781198.jpg', 214);
INSERT INTO shtrafy.photos (id, imgUrl, fineId) VALUES (504, 'У546НЕ/18810150190220285665/1164857984.jpg', 214);
INSERT INTO shtrafy.photos (id, imgUrl, fineId) VALUES (505, 'У546НЕ/18810150190216237767/87151869.jpg', 215);
INSERT INTO shtrafy.photos (id, imgUrl, fineId) VALUES (506, 'У546НЕ/18810150190216237767/1438391385.jpg', 215);
INSERT INTO shtrafy.photos (id, imgUrl, fineId) VALUES (507, 'У546НЕ/18810150190216237767/337221824.jpg', 215);
INSERT INTO shtrafy.photos (id, imgUrl, fineId) VALUES (508, 'У546НЕ/18810150190216237767/2098418758.jpg', 215);
INSERT INTO shtrafy.photos (id, imgUrl, fineId) VALUES (509, 'У546НЕ/18810150190216237767/2084585319.jpg', 215);
INSERT INTO shtrafy.photos (id, imgUrl, fineId) VALUES (510, 'У546НЕ/18810177190212382987/1366270094.jpg', 216);
INSERT INTO shtrafy.photos (id, imgUrl, fineId) VALUES (511, 'У546НЕ/18810177190212382987/2040632713.jpg', 216);
INSERT INTO shtrafy.photos (id, imgUrl, fineId) VALUES (512, 'У546НЕ/18810150190206160001/1068401927.jpg', 217);
INSERT INTO shtrafy.photos (id, imgUrl, fineId) VALUES (513, 'У546НЕ/18810150190206160001/1653593516.jpg', 217);
INSERT INTO shtrafy.photos (id, imgUrl, fineId) VALUES (514, 'У546НЕ/18810150190206160001/489504392.jpg', 217);
INSERT INTO shtrafy.photos (id, imgUrl, fineId) VALUES (515, 'У546НЕ/18810150190206160001/1438125950.jpg', 217);
INSERT INTO shtrafy.photos (id, imgUrl, fineId) VALUES (516, 'У546НЕ/18810177190123073334/1646210292.jpg', 218);
INSERT INTO shtrafy.photos (id, imgUrl, fineId) VALUES (517, 'У546НЕ/18810177190123073334/2084861755.jpg', 218);
INSERT INTO shtrafy.photos (id, imgUrl, fineId) VALUES (518, 'У546НЕ/18810177181129132121/356390090.jpg', 219);
INSERT INTO shtrafy.photos (id, imgUrl, fineId) VALUES (519, 'У546НЕ/18810177181129132121/625391603.jpg', 219);
INSERT INTO shtrafy.photos (id, imgUrl, fineId) VALUES (520, 'У546НЕ/18810150181126303703/1294608300.jpg', 220);
INSERT INTO shtrafy.photos (id, imgUrl, fineId) VALUES (521, 'У546НЕ/18810150181126303703/56674412.jpg', 220);
INSERT INTO shtrafy.photos (id, imgUrl, fineId) VALUES (522, 'У546НЕ/18810150181126303703/428633529.jpg', 220);
INSERT INTO shtrafy.photos (id, imgUrl, fineId) VALUES (523, 'У546НЕ/18810150181126303703/1133623579.jpg', 220);
INSERT INTO shtrafy.photos (id, imgUrl, fineId) VALUES (524, 'У546НЕ/18810150181126303703/8250666.jpg', 220);
INSERT INTO shtrafy.photos (id, imgUrl, fineId) VALUES (525, 'У546НЕ/18810150181126303703/884733734.jpg', 220);
INSERT INTO shtrafy.photos (id, imgUrl, fineId) VALUES (526, 'У546НЕ/18810150181126303703/1524294416.jpg', 220);
INSERT INTO shtrafy.photos (id, imgUrl, fineId) VALUES (527, 'У546НЕ/18810150181126303703/1032434268.jpg', 220);
INSERT INTO shtrafy.photos (id, imgUrl, fineId) VALUES (528, 'У546НЕ/18810150181126303703/1428751764.jpg', 220);
INSERT INTO shtrafy.photos (id, imgUrl, fineId) VALUES (529, 'У546НЕ/18810150181126303703/2113783400.jpg', 220);
INSERT INTO shtrafy.photos (id, imgUrl, fineId) VALUES (530, 'У546НЕ/18810150181011115017/512066511.jpg', 221);
INSERT INTO shtrafy.photos (id, imgUrl, fineId) VALUES (531, 'У546НЕ/18810150181011115017/718975351.jpg', 221);
INSERT INTO shtrafy.photos (id, imgUrl, fineId) VALUES (532, 'У546НЕ/18810150181011115017/1112861916.jpg', 221);
INSERT INTO shtrafy.photos (id, imgUrl, fineId) VALUES (533, 'У546НЕ/18810150181011115017/279976377.jpg', 221);
INSERT INTO shtrafy.photos (id, imgUrl, fineId) VALUES (534, 'У546НЕ/18810150181011115017/1453003930.jpg', 221);
INSERT INTO shtrafy.photos (id, imgUrl, fineId) VALUES (535, 'У546НЕ/18810150181011070277/367542283.jpg', 222);
INSERT INTO shtrafy.photos (id, imgUrl, fineId) VALUES (536, 'У546НЕ/18810150181011070277/1217576281.jpg', 222);
INSERT INTO shtrafy.photos (id, imgUrl, fineId) VALUES (537, 'У546НЕ/18810150181011070277/20135338.jpg', 222);
INSERT INTO shtrafy.photos (id, imgUrl, fineId) VALUES (538, 'У546НЕ/18810150181011070277/1339407868.jpg', 222);
INSERT INTO shtrafy.photos (id, imgUrl, fineId) VALUES (539, 'У546НЕ/18810150181011070277/53937682.jpg', 222);
INSERT INTO shtrafy.photos (id, imgUrl, fineId) VALUES (540, 'У546НЕ/18810177181011202193/832018428.jpg', 223);
INSERT INTO shtrafy.photos (id, imgUrl, fineId) VALUES (541, 'У546НЕ/18810177181011202193/60695484.jpg', 223);
INSERT INTO shtrafy.photos (id, imgUrl, fineId) VALUES (542, 'У546НЕ/18810177181002019837/896473318.jpg', 224);
INSERT INTO shtrafy.photos (id, imgUrl, fineId) VALUES (543, 'У546НЕ/18810177181002019837/1864066961.jpg', 224);
INSERT INTO shtrafy.photos (id, imgUrl, fineId) VALUES (544, 'У546НЕ/18810169181002001146/1935252088.jpg', 225);
INSERT INTO shtrafy.photos (id, imgUrl, fineId) VALUES (545, 'У546НЕ/18810169181002001146/347467083.jpg', 225);
INSERT INTO shtrafy.photos (id, imgUrl, fineId) VALUES (546, 'Т246АМ/18810150181207077754/237655261.jpg', 226);
INSERT INTO shtrafy.photos (id, imgUrl, fineId) VALUES (547, 'Т246АМ/18810150181207077754/1184071199.jpg', 226);
INSERT INTO shtrafy.photos (id, imgUrl, fineId) VALUES (548, 'Т246АМ/18810150181207077754/1107294077.jpg', 226);
INSERT INTO shtrafy.photos (id, imgUrl, fineId) VALUES (549, 'Т246АМ/18810150181207077754/320265844.jpg', 226);
INSERT INTO shtrafy.photos (id, imgUrl, fineId) VALUES (550, 'Т246АМ/18810150181207077754/2104055325.jpg', 226);
INSERT INTO shtrafy.photos (id, imgUrl, fineId) VALUES (551, 'Т246АМ/18810150181207077533/427933668.jpg', 227);
INSERT INTO shtrafy.photos (id, imgUrl, fineId) VALUES (552, 'Т246АМ/18810150181207077533/479216024.jpg', 227);
INSERT INTO shtrafy.photos (id, imgUrl, fineId) VALUES (553, 'Т246АМ/18810150181207077533/1457141989.jpg', 227);
INSERT INTO shtrafy.photos (id, imgUrl, fineId) VALUES (554, 'Т246АМ/18810150181207077533/287013245.jpg', 227);
INSERT INTO shtrafy.photos (id, imgUrl, fineId) VALUES (555, 'Т246АМ/18810150181207077533/1184884976.jpg', 227);